11282291_1609483835957378_809911312_n.jpg,[]
11311605_837138039673108_1517937451_n.jpg,['person']
13380946_1724689691105516_1322109584_n.jpg,[]
24327145_315946858882599_2981304668950364160_n.jpg,"['person', 'person']"
13642984_1780551925499216_1607342993_n.jpg,"['person', 'bed']"
10661273_327291767432333_956551592_n.jpg,"['person', 'person']"
10009262_1412500712345975_170675753_n.jpg,"['person', 'person']"
11349199_1684215511793981_603032242_n.jpg,"['person', 'person']"
26180822_164660364264804_5976841042748506112_n.jpg,['person']
14711850_1762254324024711_6695055537094000640_n.jpg,"['person', 'person', 'couch']"
15624171_716312811883810_1676858577861476352_n.jpg,['person']
47693759_353966158771413_5679574953948691850_n.jpg,"['person', 'person']"
13248942_1610186329309583_447340470_n.jpg,"['cat', 'cup']"
18161330_413446319041532_931646713662275584_n.jpg,"['person', 'cat']"
13385764_1022187937865899_1335377373_n.jpg,"['person', 'person', 'person', 'person', 'person', 'person', 'person', 'person', 'person', 'person']"
1170053_629913930364936_613750233_n.jpg,['person']
12950261_962812583836430_1772881109_n.jpg,['person']
42800722_1104369806406123_1593482629301457003_n.jpg,[]
22637546_1639711502716370_5548510564273094656_n.jpg,['person']
32285013_2542173359341399_5977956097862926336_n.jpg,['person']
15251668_1612250249070052_1114004071498383360_n.jpg,['person']
54732168_565820340577066_4011507919684273063_n.jpg,"['person', 'boat', 'person']"
12345968_1673056019576936_959012752_n.jpg,"['person', 'person']"
13167168_1103188066408758_1360017962_n.jpg,"['person', 'person', 'person', 'person', 'person', 'person', 'person', 'person', 'person', 'person']"
51365294_984868081901197_5052970947162590759_n.jpg,['person']
12599044_206081416409681_1712272819_n.jpg,"['person', 'car']"
11357636_850557211689625_630745782_n.jpg,"['person', 'person']"
12940094_1140324349342974_799480875_n.jpg,['person']
13249749_1059749127432661_1612996543_n.jpg,['person']
12826275_1576362406019355_1029999262_n.jpg,"['person', 'person']"
39942074_2176400835765655_7180151189571371008_n.jpg,"['person', 'person']"
26067457_344317986044647_2928259598051704832_n.jpg,[]
20398788_514894192187378_524743715357458432_n.jpg,['horse']
11248966_678972815542104_1290291726_n.jpg,"['person', 'person']"
43913580_559874574425001_2193805168160178032_n.jpg,['person']
12106302_1071651199525078_1706752456_n.jpg,"['bowl', 'fork', 'fork']"
13686887_1846844325546989_595142828_n.jpg,"['person', 'bicycle']"
12783416_956586054434719_1923325040_n.jpg,"['person', 'person', 'person', 'person', 'person']"
11325725_502691499885088_1016363452_n.jpg,"['bowl', 'cup', 'cup', 'cup', 'cup', 'cup']"
52572829_2015714412065850_7836857486474857765_n.jpg,"['person', 'person']"
37549406_188386672029145_6185920235401379840_n.jpg,"['person', 'person']"
1740596_218304805042327_220749032_n.jpg,['person']
14607207_673622272794608_3817330232189255680_n.jpg,[]
11376098_1599609023647396_1783690892_n.jpg,['cat']
14607016_1144270345651692_3446864435048611840_n.jpg,[]
16123553_737772446383945_1535664259604676608_n.jpg,['person']
20583089_1933031450272480_6907884279145955328_n.jpg,"['person', 'chair']"
12628118_210556302629382_263909808_n.jpg,[]
30078741_1646647025419703_703218925269155840_n.jpg,['person']
12299056_1495117987457449_1441994733_n.jpg,"['person', 'person', 'person']"
12345883_1777930549103634_1557331522_n.jpg,"['person', 'person', 'person']"
14309916_524988261031719_1314148480_n.jpg,"['person', 'person', 'person']"
12930711_1071767809546205_91984296_n.jpg,['person']
1171208_715640878446260_884008091_n.jpg,"['person', 'person', 'person']"
23507681_141987849892520_8843896222960844800_n.jpg,['person']
11235851_1624376831140050_398025253_n.jpg,['clock']
11265920_583997095074644_551639458_n.jpg,['dog']
57156417_2663452567003733_4703024020124492221_n.jpg,['person']
20393793_1925259281025179_6592372579967696896_n.jpg,['person']
40648320_2180645372263624_704277233062488775_n.jpg,['person']
18013718_660717604120706_5511163409862754304_n.jpg,"['person', 'person']"
47165033_1056237844548451_1597107205389462134_n.jpg,"['person', 'person', 'tie']"
12446366_1608186572839273_1605338514_n.jpg,['person']
12797789_976782382376611_466787568_n.jpg,"['person', 'person']"
16464249_1831509793776705_7010099050477256704_n.jpg,"['person', 'person']"
14099466_1137643466274810_385020762_n.jpg,"['person', 'bed']"
23416837_130981421003978_6970597510406471680_n.jpg,['person']
14736331_623827321123514_7862483529966288896_n.jpg,['person']
11258277_639535932843000_1701787239_n.jpg,"['person', 'person', 'bed']"
11032944_1608982689320145_1949097528_n.jpg,[]
917129_658668307555116_1046812314_n.jpg,"['person', 'person']"
16584853_366487587070407_4469382164089143296_n.jpg,"['person', 'person']"
23498840_910882405747770_5483916403624902656_n.jpg,"['horse', 'person']"
10554165_1460743164187387_951436319_n.jpg,"['person', 'bed']"
14736432_1826689957580087_5498565119732350976_n.jpg,['person']
47582224_1038697849670565_3282436776980422734_n.jpg,"['person', 'person', 'person', 'person', 'person', 'person', 'person', 'person', 'person', 'person', 'person', 'person', 'person', 'person', 'person', 'person', 'person', 'person', 'person', 'tie']"
13774321_183336688745624_329203785_n.jpg,"['person', 'person']"
32365429_172567720085198_6026278749140418560_n.jpg,"['person', 'dog']"
16465808_1197197390395375_6147072479547359232_n.jpg,"['person', 'person']"
13129645_116735878737522_1685968569_n.jpg,"['person', 'person']"
29090723_2247976222095633_4936320086408429568_n.jpg,"['person', 'person', 'person']"
16584846_180093855816254_1982014239010717696_n.jpg,"['person', 'person', 'person', 'person', 'person', 'person']"
12277511_840670832720378_424260930_n.jpg,"['person', 'person']"
11380008_588786884630854_26072145_n.jpg,"['person', 'person', 'person']"
914702_247342118784681_1810294813_n.jpg,"['person', 'person']"
21373745_190939668114207_792350972813770752_n.jpg,[]
54247609_230606107811995_7277821849700788693_n.jpg,['person']
12751194_217306538628002_658164653_n.jpg,['person']
14145609_1519898008024748_655934513_n.jpg,"['cup', 'cup', 'bowl', 'bowl', 'bowl', 'bowl', 'bowl', 'cup', 'cup', 'bowl', 'bowl', 'bowl']"
11376512_486490398173680_758852095_n.jpg,"['person', 'person']"
11325070_1639692756276016_2060565484_n.jpg,[]
17076087_1450714988286194_6809857208302436352_n.jpg,"['person', 'person']"
10665651_1466503686961625_1415501822_n.jpg,"['baseball glove', 'person', 'person', 'person']"
14574139_683666911802161_3589106390318186496_n.jpg,['person']
17493691_1055274981282769_4828662732519636992_n.jpg,[]
11017573_899126723466821_1032268027_n.jpg,"['person', 'couch', 'handbag', 'cake', 'dining table', 'cake', 'cake']"
16122881_1827986270774827_5924037735558938624_n.jpg,"['person', 'person', 'person', 'person', 'person', 'person', 'person', 'person', 'person', 'person', 'person']"
41063669_520842251674766_1174270336453682110_n.jpg,['person']
1168567_1538623796356523_915459589_n.jpg,"['person', 'person']"
13259001_1775709755982101_1006460407_n.jpg,"['person', 'person', 'person', 'person', 'person', 'person', 'person', 'person', 'person', 'person']"
16123408_1846292238974594_7702008407733043200_n.jpg,"['person', 'person', 'person', 'person', 'person']"
11264861_1533529586941645_1627809647_n.jpg,"['person', 'person', 'tie', 'bottle', 'bottle', 'bottle', 'bottle', 'bottle']"
45261248_372753483268924_7520517453933298079_n.jpg,['person']
12501546_262379997431692_929399955_n.jpg,"['person', 'person', 'tie']"
12256707_716541361814018_458877503_n.jpg,"['person', 'person', 'person', 'person']"
30829978_158610801483750_8781661223423836160_n.jpg,['person']
34198889_259201947965354_7437917663340265472_n.jpg,"['person', 'person', 'bench']"
13402497_1560862377552732_1542413506_n.jpg,"['bottle', 'clock', 'person', 'person', 'person']"
18011444_1425510377523037_5770341270014656512_n.jpg,"['person', 'person']"
22352572_896879683803590_4511033816327913472_n.jpg,"['person', 'person', 'person', 'chair', 'person']"
14736177_692422364257163_2540300609567850496_n.jpg,['person']
14561956_311813229184553_5777309957531631616_n.jpg,"['person', 'person', 'person']"
1169816_503199763135026_1197654925_n.jpg,"['person', 'person']"
14334462_1166566903379285_345151828_n.jpg,['person']
52525555_255609135390812_8159807960668933471_n.jpg,['person']
11352414_188530548153229_2058168044_n.jpg,"['person', 'person']"
18809478_1514547975270357_7973323510455992320_n.jpg,"['person', 'tie']"
56268801_130537421355741_752092843453661123_n.jpg,['person']
11255231_676575512471133_1307593578_n.jpg,[]
44724513_2058921477484177_4295269642599026590_n.jpg,['person']
11931053_983619018367651_1229154792_n.jpg,"['person', 'cake', 'knife']"
11296708_822979754415926_607475492_n.jpg,"['bicycle', 'backpack']"
50255328_240357953571643_1159579573370138524_n.jpg,['person']
11356841_1602734303308323_1635633585_n.jpg,"['person', 'person', 'person']"
23161443_1401189809979560_8607046673715167232_n.jpg,['person']
10724926_168987073437748_1461927535_n.jpg,['person']
19954839_246518265852131_5000585201022140416_n.jpg,"['person', 'person']"
13385773_1547242292248093_89286431_n.jpg,['person']
16464542_364789137237343_4629624061008281600_n.jpg,['person']
15877236_1846967918895880_824757222616596480_n.jpg,['chair']
52948798_123130745495723_8341931309550796632_n.jpg,[]
11351734_1476836805951239_1792359161_n.jpg,"['person', 'person']"
10932434_1207180132640861_701926968_n.jpg,"['person', 'person']"
18812928_297090224049816_2334949276729212928_n.jpg,['person']
49330423_113892439677696_185040151447686898_n.jpg,"['person', 'person', 'person']"
11350671_500994190081242_1048422419_n.jpg,"['person', 'person', 'person']"
51341654_966548043548740_2509506188089546722_n.jpg,"['person', 'chair']"
17126872_407371836303122_3187156541572644864_n.jpg,"['person', 'person', 'person', 'person', 'person']"
11356710_965649663455076_175916300_n.jpg,"['person', 'person']"
13392648_294020370938966_342979441_n.jpg,"['person', 'person']"
55886208_657889447993528_3716811617881679737_n.jpg,['person']
925923_790939364333090_1069009023_n.jpg,"['person', 'person']"
12346129_913230608724525_1651019718_n.jpg,[]
12393670_527860774055844_1104533495_n.jpg,"['bird', 'bird', 'bird', 'bird']"
53083493_268389920755666_217566747298802353_n.jpg,"['person', 'person']"
50751462_758375727877404_7295235740895075225_n.jpg,['person']
54511025_778197322580169_294373103551428885_n.jpg,"['person', 'person', 'person', 'person', 'person', 'person', 'person', 'person']"
14052475_173874466349542_1030981286_n.jpg,[]
13573387_103956150038604_1980104384_n.jpg,['person']
15043928_1011003309011450_8515704758122577920_n.jpg,['person']
14624626_357713681257776_7192675524659904512_n.jpg,"['person', 'dining table', 'person', 'chair']"
50773791_625170401274254_3829960983058475760_n.jpg,['person']
1169040_755581714453111_160546215_n.jpg,['person']
16584802_100453630480922_1493415095810654208_n.jpg,"['person', 'person']"
37001116_198075854203894_3812822290349948928_n.jpg,['person']
14288199_302655400111145_1441336460_n.jpg,"['person', 'person', 'person', 'dining table', 'person', 'knife']"
14597399_1196676527036464_617068989482270720_n.jpg,"['person', 'tie']"
52987462_2193274960987031_2628778364647028824_n.jpg,"['person', 'person']"
1799610_503660736421048_1692310987_n.jpg,"['person', 'vase']"
13557224_300838330260574_1215627354_n.jpg,['person']
26264973_392545327824094_2096843608463245312_n.jpg,['person']
914333_622328371171501_1481763786_n.jpg,['person']
28435048_1956778541306168_5361215488695205888_n.jpg,[]
15251732_338944756482123_5680105673573007360_n.jpg,"['book', 'person', 'cat']"
30918027_212661689325101_3313703964788129792_n.jpg,['person']
17077505_1288284707927627_3369774771427344384_n.jpg,"['person', 'person']"
13739509_1565347533767150_1787967154_n.jpg,['person']
54511194_316042602429112_4909322531097362425_n.jpg,['person']
24274770_132818557398655_5586964076489080832_n.jpg,"['person', 'person']"
13561857_775330029248892_605810412_n.jpg,[]
20766540_410158722719180_706121554362105856_n.jpg,[]
1168586_790917567591760_933965260_n.jpg,['cat']
27881543_425344094582213_8640941322959585280_n.jpg,"['person', 'person']"
11821179_1045900555434143_212032267_n.jpg,['cat']
10848341_613691555425905_477019185_n.jpg,"['bench', 'person', 'person', 'person', 'tie']"
29401608_1989786594681886_2826106828868288512_n.jpg,[]
53609596_586273585206510_3127007804076654185_n.jpg,['person']
17076415_430222770647603_5548618032944775168_n.jpg,"['person', 'person']"
37064913_2616485418577633_8746319861690400768_n.jpg,['person']
29737771_144439989731020_6195584766515871744_n.jpg,['person']
928909_909178842446494_137095795_n.jpg,"['person', 'person']"
14583269_166955430467712_2535247644968615936_n.jpg,"['person', 'person']"
13398976_1086036951454624_1210749846_n.jpg,"['person', 'person', 'person', 'person']"
11232509_1394638434197153_1128158918_n.jpg,[]
19985530_398749330522248_2548963008848068608_n.jpg,['person']
16908187_182563698901340_80468209450352640_n.jpg,"['person', 'person']"
11350959_970797209606192_2009894207_n.jpg,['person']
15534615_341277262917620_5973188761473777664_n.jpg,['person']
16789922_371058759933192_4973559110722125824_n.jpg,['person']
16789416_182838685541698_8769513071635857408_n.jpg,"['person', 'person', 'person', 'person']"
1209737_888227877865333_649478593_n.jpg,"['person', 'tie']"
21879067_1905579473102020_271764944712630272_n.jpg,['person']
21878890_647539375634310_572696771814227968_n.jpg,"['person', 'person']"
15876097_1454987617847435_8860806716091006976_n.jpg,['person']
21689192_494524294242351_109897660369993728_n.jpg,"['person', 'person']"
42104548_172329720356062_2914177134664098423_n.jpg,[]
29738312_1710216455713392_6801506975835226112_n.jpg,"['person', 'bus', 'bus', 'person', 'person', 'person', 'person', 'person', 'person', 'person', 'person']"
17075812_172205033284904_3091914688301105152_n.jpg,"['person', 'person', 'person', 'person']"
14482103_225451401221726_2589124977450024960_n.jpg,['person']
1169289_616137375200192_1803890321_n.jpg,['person']
10655118_765574983502716_1831854159_n.jpg,"['person', 'person', 'person', 'person', 'person', 'person']"
11821266_1841282632764662_1188569779_n.jpg,"['person', 'person', 'person', 'tie']"
10401727_709450152449022_1211485449_n.jpg,"['person', 'person', 'cup']"
14052778_1667650243562596_1201873420_n.jpg,"['person', 'person', 'tie']"
10865131_704886206299408_268999107_n.jpg,"['person', 'person']"
20634814_724145591124608_8295105342195367936_n.jpg,"['person', 'bed', 'person']"
11909243_889514094478630_910009588_n.jpg,[]
12798026_1012520715479876_253591694_n.jpg,"['person', 'person']"
16908817_444405615890927_4918169537435664384_n.jpg,"['person', 'person', 'person', 'person', 'person']"
57487971_429661911126009_4605690621103345628_n.jpg,['person']
43546615_2141811729390302_373160736806234479_n.jpg,"['person', 'person', 'chair', 'cell phone', 'cell phone']"
56218129_132161544521782_6559906861813523736_n.jpg,['person']
22071551_322609114870339_9026946947432316928_n.jpg,"['person', 'person', 'bench', 'person', 'potted plant']"
12142060_865127363586175_1582435891_n.jpg,"['person', 'person', 'person']"
53607387_2340244726199189_9176303683309344314_n.jpg,['person']
10723692_346285988882494_456612437_n.jpg,"['person', 'person', 'person', 'person', 'person']"
27574542_152825038754639_774614377083961344_n.jpg,"['person', 'person']"
12145260_772332922892709_463884696_n.jpg,"['person', 'person', 'person']"
10903317_1599564566926736_1591873784_n.jpg,"['person', 'person']"
20688280_129090131042410_7250265757584457728_n.jpg,"['person', 'dog']"
31421718_250216722211137_6101253351821803520_n.jpg,"['person', 'person', 'person']"
14714545_1148241641911823_7520431870656380928_n.jpg,"['person', 'person']"
16230447_1798564777070861_3978631731900055552_n.jpg,"['person', 'person']"
17493798_402244986803292_416661748116881408_n.jpg,"['person', 'bed', 'cat']"
15034917_2155190921373766_8704140022963503104_n.jpg,"['tv', 'person']"
40241635_1490379211107800_4268159308434243584_n.jpg,"['person', 'person']"
28428867_231752570719004_8947684163503259648_n.jpg,"['person', 'person', 'traffic light', 'traffic light']"
10632328_604590403016510_2061772995_n.jpg,[]
18950099_190700178122826_498846552916230144_n.jpg,['person']
17076994_1851253625115746_4019427830948429824_n.jpg,"['person', 'person']"
10453908_634969503316013_1987527679_n.jpg,['person']
1172081_1412240399042031_1297814363_n.jpg,"['person', 'person']"
14723209_1330501943649448_7638264590479917056_n.jpg,['person']
10661024_364406477068836_1061027878_n.jpg,['person']
37021884_1917266724961273_2378230336480870400_n.jpg,"['person', 'person', 'person', 'handbag']"
13249918_1737707906469618_1423248885_n.jpg,['book']
15403421_1615318118770381_9186024238199341056_n.jpg,['person']
16789564_429225734087131_5501965277836869632_n.jpg,"['person', 'person', 'umbrella']"
55947320_277435743135021_3678299218118683845_n.jpg,['person']
28764372_1942822072397354_8900858514486853632_n.jpg,"['person', 'person']"
12822443_1685874861629424_1022850646_n.jpg,['person']
11349270_1484549361862947_258161406_n.jpg,[]
19984939_525242241140818_105041035905728512_n.jpg,"['person', 'person', 'person', 'chair', 'chair', 'chair', 'chair', 'chair']"
11324310_1587674291493622_2133297479_n.jpg,"['person', 'person']"
16789778_741599056002467_5979797307393048576_n.jpg,"['person', 'person', 'person', 'person']"
26070406_151791105543552_6984942482131779584_n.jpg,['person']
12558375_209503146060017_1147217431_n.jpg,"['person', 'person', 'person']"
21435705_122649748474297_3539153953570684928_n.jpg,"['person', 'person', 'person']"
31375900_170581403631598_8183566720850460672_n.jpg,"['person', 'person', 'person']"
16123073_1917707348463630_2021176476665118720_n.jpg,[]
21690429_173989763150070_6589810662040403968_n.jpg,[]
12965228_1713385515613645_1321301638_n.jpg,"['person', 'person', 'person', 'chair', 'wine glass', 'wine glass', 'wine glass', 'wine glass']"
11850299_1692123504351993_1770354036_n.jpg,['person']
16123172_598250613697582_3204542006546137088_n.jpg,"['person', 'person', 'person', 'person', 'dining table', 'chair', 'person', 'person', 'chair', 'person', 'person', 'person', 'cup', 'cup', 'cup', 'cup', 'cup', 'cup', 'cup', 'cup', 'cell phone', 'cell phone']"
11288198_465149576982855_97148581_n.jpg,['person']
13745164_312313155781865_1919645476_n.jpg,"['person', 'person']"
10995130_1053954541288682_1463380004_n.jpg,"['person', 'person', 'person', 'person', 'person', 'wine glass']"
13266802_136040643470845_262129151_n.jpg,['person']
39294351_2183530975022665_1545561874299355136_n.jpg,['person']
52649395_2319057665050513_3847069290477750049_n.jpg,"['person', 'chair']"
15035574_1292480594137228_5877124838576881664_n.jpg,"['person', 'bicycle', 'bicycle', 'bicycle']"
12749784_1703161219901824_1131073023_n.jpg,['person']
29718169_2069156040076497_3403303760041082880_n.jpg,"['person', 'person', 'car', 'car', 'person', 'person', 'person', 'person', 'person']"
58057878_424768844754613_3912836086531526992_n.jpg,['person']
56537542_133465077786791_326784165357119801_n.jpg,['person']
925353_604756656291772_1710556160_n.jpg,"['person', 'person']"
17438861_138991293295052_8671839502370603008_n.jpg,['person']
57602904_584267095401045_7844739415703758410_n.jpg,['person']
11093059_371153156426852_313943391_n.jpg,"['person', 'person', 'chair']"
38839696_2121499711395943_5166993657366052864_n.jpg,['person']
49435111_2311125029109265_6410023080784819422_n.jpg,['person']
15876676_142634459570120_4197110490544996352_n.jpg,['person']
15624843_302702343464771_6472978639532064768_n.jpg,['person']
10831840_322610191258078_1926882692_n.jpg,"['person', 'person']"
11249271_828071357291832_1233458053_n.jpg,['person']
10727659_1479955438959395_1701597535_n.jpg,"['person', 'person', 'person', 'person']"
54512753_179575526364893_8758593351656993062_n.jpg,['person']
49907093_343374499722587_3601224206581901621_n.jpg,"['person', 'person']"
22351722_1477487222288404_6493725113983172608_n.jpg,"['person', 'suitcase', 'suitcase']"
15624597_822612721212685_3707260755947552768_n.jpg,"['person', 'dining table', 'person', 'person', 'chair', 'bottle', 'wine glass', 'bottle', 'cup']"
928938_572632082880862_1482395439_n.jpg,"['person', 'person']"
10986280_326913174179533_1280533627_n.jpg,['cup']
42002309_508494396283411_285159289078117144_n.jpg,"['person', 'person', 'couch', 'cup', 'cup', 'cup']"
12331655_465753390216128_1650018448_n.jpg,[]
10932404_1531812133748504_1268707852_n.jpg,"['person', 'person', 'tie']"
12135234_1235982199752297_32095743_n.jpg,"['person', 'person']"
51974291_2334253716808323_2336900762143249871_n.jpg,[]
50687426_320064391954086_5117514817007383710_n.jpg,['person']
10691646_645933568840497_510979728_n.jpg,"['person', 'cup', 'cell phone']"
927592_1423086351280994_2058002438_n.jpg,['person']
31905506_370361206802948_7402122894794293248_n.jpg,['person']
29716052_158373948165375_917703381508685824_n.jpg,"['person', 'person', 'car']"
1963105_443852749079500_1304485946_n.jpg,['person']
52087654_1190531351111610_5953505023299535062_n.jpg,['person']
43461994_733746746974375_2766750565508756862_n.jpg,"['person', 'person']"
14714542_589290841257551_6925141268762722304_n.jpg,"['person', 'person']"
10903284_329035823957832_1946379929_n.jpg,"['person', 'person', 'person', 'person', 'person', 'person']"
13694732_1056945097730240_776443075_n.jpg,"['person', 'person', 'person']"
31752428_198100300989224_3764081906258280448_n.jpg,['person']
11252887_876472202440761_380813150_n.jpg,['cat']
1941165_789871494441058_89668702_n.jpg,"['person', 'tie', 'tie']"
10919748_1437127389910709_506924425_n.jpg,"['person', 'bottle']"
53531767_144953839870218_3929326600655861920_n.jpg,['person']
47690197_772438776455872_7557617593900321808_n.jpg,"['person', 'person']"
11281989_482889588554052_1650959107_n.jpg,['person']
30076780_781855445353149_6738692924512403456_n.jpg,"['person', 'person', 'person', 'person', 'person', 'person']"
15034924_1756756051252244_7364110286741045248_n.jpg,"['person', 'person']"
50695822_316667019054582_6772965641753393881_n.jpg,"['person', 'person', 'person']"
37798017_446602945819497_1132751135593988096_n.jpg,"['person', 'person']"
10684086_293639887486709_736335510_n.jpg,"['person', 'person']"
15043535_1167378386650727_2044638031872262144_n.jpg,"['person', 'person']"
26872842_228911817675845_986522192248307712_n.jpg,"['person', 'person']"
26865033_2127079040842993_2353967383325966336_n.jpg,"['person', 'person', 'person', 'person', 'person', 'person', 'wine glass']"
54277573_125346315248846_1134657028396474666_n.jpg,['person']
14533673_181517792308507_246790444325797888_n.jpg,['person']
55842831_331482087720618_1256000907256194362_n.jpg,['person']
12783196_665211936915044_280486420_n.jpg,"['person', 'person', 'person']"
11375384_1659423794273018_217863820_n.jpg,['person']
17267869_715811558580815_8650299120394698752_n.jpg,[]
12269737_1656385257982583_1041606982_n.jpg,"['person', 'chair', 'person', 'person']"
13329167_797865496980261_1328964023_n.jpg,[]
23824847_150204218938193_7187835083632410624_n.jpg,"['person', 'handbag', 'person']"
23969621_130209930986253_2958603868415459328_n.jpg,['person']
57506428_153407435693646_241815521879285773_n.jpg,['person']
44375945_602332363519403_739751471216105586_n.jpg,['person']
23101609_174766723105448_206493261563428864_n.jpg,[]
11242715_1406586699668022_1444424848_n.jpg,"['person', 'person']"
13248863_894543817358274_362996310_n.jpg,"['person', 'person']"
18513584_126608677905201_3249908208495493120_n.jpg,"['person', 'person', 'person', 'person', 'person']"
50049767_252815458964240_4140442660481150633_n.jpg,"['person', 'person']"
53871686_311004832944447_7687294829506514012_n.jpg,"['person', 'person']"
1169258_223147497855406_1391473078_n.jpg,"['person', 'cat']"
1172712_179762778893262_330484870_n.jpg,"['person', 'person']"
16788469_417174301952344_3934748049582063616_n.jpg,['person']
13181282_1038316462905547_346394104_n.jpg,['person']
16907009_1896997763920646_6230500015953936384_n.jpg,"['person', 'person', 'tie']"
15035011_249135372168219_1332441229090095104_n.jpg,"['person', 'person']"
38450822_270458666894053_3212747610284621824_n.jpg,"['person', 'person', 'person', 'person', 'person']"
10541966_973034762722475_557724393_n.jpg,"['spoon', 'fork', 'person', 'bowl', 'broccoli', 'dining table', 'potted plant', 'bowl', 'broccoli']"
14027165_1654287074888608_831280020_n.jpg,"['person', 'person', 'person']"
14072792_1760698984196584_1868534073_n.jpg,['person']
10747805_1551860955029428_398188431_n.jpg,"['person', 'person']"
44689928_572554266500953_461224179590374898_n.jpg,[]
12317415_1016829505040009_2101783872_n.jpg,[]
12107520_163912457287926_1417972546_n.jpg,"['person', 'bird']"
26403241_2106101123002406_4946683060809629696_n.jpg,['cat']
23667593_140453706606532_71696151065133056_n.jpg,"['person', 'person']"
15338565_1866984050198551_5547435555433742336_n.jpg,['person']
1515910_682982898428697_462897847_n.jpg,"['person', 'person']"
37508242_329330617611185_276379955791659008_n.jpg,"['person', 'person', 'dining table']"
20633578_1474580932635672_1491566717980114944_n.jpg,"['dog', 'dog']"
15625344_382816382070070_4740926944483213312_n.jpg,"['person', 'person']"
10802614_306797879517850_564129554_n.jpg,"['bed', 'person', 'cat']"
27573669_189900394939661_6822625239835344896_n.jpg,['person']
10518241_306662639512870_132360278_n.jpg,[]
18888877_185272718668584_879361620046774272_n.jpg,['cake']
56165224_426676758141883_4382006928037211232_n.jpg,['person']
17076066_1886841571598435_7469373587204341760_n.jpg,"['person', 'person']"
13267406_799117680218616_997926055_n.jpg,['person']
54446573_2310589115866933_4157977642861165727_n.jpg,"['person', 'person']"
43392171_473156169840983_5842642289419945312_n.jpg,"['dog', 'frisbee']"
14676476_186761275113141_550499148172886016_n.jpg,['person']
15258888_1258575197514342_2764107086164918272_n.jpg,['person']
12135289_1202977083051645_328065678_n.jpg,['person']
43672698_1165211053636107_2898903651794376385_n.jpg,"['person', 'person', 'bench', 'bench']"
11176637_1463481053942751_409643650_n.jpg,['person']
1941220_684668971627178_1915383752_n.jpg,"['person', 'person', 'person']"
12912539_821248678008638_1705334422_n.jpg,"['person', 'person']"
10448988_1506555559575824_1621926681_n.jpg,"['person', 'chair', 'handbag', 'person']"
12093585_1013109455398117_1158266884_n.jpg,"['person', 'person']"
26187044_251584588711666_8035493857850294272_n.jpg,"['person', 'chair']"
13381037_1195559320474957_1494723720_n.jpg,['cake']
13636019_1634244360198975_499845495_n.jpg,"['person', 'person']"
1171146_1042920542433077_1763263574_n.jpg,"['person', 'person', 'person']"
54277668_482963215573944_2173894151686744750_n.jpg,"['person', 'person', 'person', 'person']"
13525285_1071265356294504_599042838_n.jpg,"['person', 'person']"
14718275_194802734295891_7170520880756293632_n.jpg,"['person', 'person', 'bicycle', 'bicycle', 'bicycle']"
46921000_1945769715518462_821196149000936800_n.jpg,['person']
11910396_389960837868296_183744273_n.jpg,['person']
50795532_388257718606865_3747964780590974565_n.jpg,['person']
42175947_355948554948259_2301153292050569628_n.jpg,"['person', 'cake']"
15305990_1790796841193973_825353763509239808_n.jpg,"['person', 'person', 'person', 'person', 'dining table', 'person', 'person', 'person', 'person', 'person', 'wine glass', 'wine glass', 'bowl', 'wine glass', 'bowl', 'wine glass', 'wine glass', 'cup', 'wine glass', 'cup', 'bowl', 'cup']"
15034912_1804227359791236_8878580815475245056_n.jpg,"['person', 'person']"
25009689_360323091097222_94323533429080064_n.jpg,"['person', 'boat']"
10358234_1411661875774449_861468012_n.jpg,[]
20214443_1945242105687836_7666757180183281664_n.jpg,"['cat', 'chair']"
23596138_181806602396159_3868839010466004992_n.jpg,['person']
10005736_256164007889158_581268037_n.jpg,"['person', 'cat']"
11887149_1024016750994647_825088445_n.jpg,['cat']
13320127_1706234382964055_1507479324_n.jpg,"['person', 'bowl', 'dining table', 'bowl', 'bowl']"
1208421_525966050823885_486444525_n.jpg,['person']
57156407_287613878829374_3011823441013714555_n.jpg,['person']
10735441_398710670278040_1917273363_n.jpg,['cake']
12407242_666249936811647_976718806_n.jpg,['person']
14565037_209988946088137_367313188066164736_n.jpg,"['person', 'person', 'person', 'person', 'person', 'person', 'book']"
12905283_219033351790931_1639323982_n.jpg,['person']
14727563_670937636418033_5168569463687086080_n.jpg,['person']
21436151_129165971052944_3239352956998385664_n.jpg,"['potted plant', 'person']"
15306667_965527323548784_1072347007600820224_n.jpg,"['person', 'person']"
53425017_1037566136439299_5820755954718491256_n.jpg,"['person', 'truck', 'car']"
1173190_159694107574375_306553954_n.jpg,[]
50873117_413091582797122_2576529671763409371_n.jpg,[]
43338300_765340990477931_1337709779460634966_n.jpg,"['person', 'person', 'person']"
18644993_122630378312845_4117734663076708352_n.jpg,"['person', 'person']"
28428601_381041525695672_8115589938449219584_n.jpg,"['cup', 'person', 'cup']"
14714459_205419233221634_3661959128831492096_n.jpg,[]
10474944_295696037275359_764470920_n.jpg,"['person', 'person', 'person', 'person', 'bed', 'person', 'tie', 'cup', 'cup', 'cup', 'cup', 'cup', 'cup', 'cup', 'cup']"
14730521_1441995302496753_7980865116545482752_n.jpg,"['person', 'person']"
925334_1468080103443010_2031969565_n.jpg,"['person', 'person', 'person']"
14482078_292803194449041_3665903412047773696_n.jpg,"['person', 'person']"
11363767_1594591227482471_1867556405_n.jpg,['person']
12292837_1530307567262393_320013663_n.jpg,[]
16110533_351620101887614_433061870283259904_n.jpg,[]
26864867_600683883618774_4476702008132239360_n.jpg,"['person', 'person', 'person', 'person', 'backpack', 'person', 'person', 'person', 'person']"
31168293_2143713345857683_1293326596853202944_n.jpg,"['person', 'person']"
10684235_713552488732173_818041429_n.jpg,"['spoon', 'dining table', 'bowl', 'bottle']"
40796275_1988107167919408_6041510862376526981_n.jpg,"['person', 'person', 'dining table']"
10623878_756152904424003_847402510_n.jpg,"['person', 'person']"
11385163_1465458247100481_825732286_n.jpg,[]
51078402_2753326211559078_6417822047727351606_n.jpg,"['refrigerator', 'person', 'chair']"
10549778_331822833634240_1742860543_n.jpg,['person']
28754425_1208190899317006_451110465322352640_n.jpg,['person']
26070482_780347618833230_2478779884567003136_n.jpg,"['person', 'person', 'person']"
13658724_1445416848805671_1603708238_n.jpg,"['person', 'horse']"
13743195_1134266886646719_1159682855_n.jpg,"['person', 'person', 'person']"
17266229_184954512004008_8827155789060767744_n.jpg,['person']
15034913_557664437759923_8038361444305076224_n.jpg,"['person', 'person', 'person']"
18162168_1717324368565901_1588746091128422400_n.jpg,"['cat', 'bed']"
13557153_626270114198132_683931294_n.jpg,[]
11287930_1461194550845565_1111089851_n.jpg,"['person', 'person', 'person', 'person', 'person']"
11008299_836747456405689_1773485950_n.jpg,"['person', 'person', 'cake', 'cake', 'cake', 'dining table', 'cake', 'cake', 'cake', 'cup']"
15034673_1641105656183471_165889443905929216_n.jpg,"['person', 'person', 'person', 'person']"
12141839_803219456454194_892351876_n.jpg,"['person', 'person']"
15876389_607801232745095_602400804288069632_n.jpg,"['person', 'person']"
10963779_1546598882282381_1367837995_n.jpg,"['person', 'person']"
13151190_100513400364603_657265943_n.jpg,['cat']
12224101_1078952438802266_1866451336_n.jpg,"['dog', 'person', 'person']"
10731633_1512537508984965_1259975212_n.jpg,['person']
17127240_388350658197875_6941544015154118656_n.jpg,"['person', 'car', 'sports ball']"
12298898_1639252249697550_198479248_n.jpg,"['couch', 'cat']"
12120297_516043248570905_1928702453_n.jpg,['person']
11358200_1632843600292822_2147291707_n.jpg,[]
39651455_478168989366337_1620478516397080576_n.jpg,"['person', 'person', 'chair']"
35576222_261743251256372_5576483145106063360_n.jpg,"['person', 'person', 'person', 'person']"
34863242_395124500972940_2752629666534653952_n.jpg,"['person', 'person', 'dining table', 'cup', 'bowl', 'cup', 'cup', 'spoon']"
1389610_532585036830463_2047535078_n.jpg,"['person', 'person', 'person', 'dining table', 'cell phone']"
13329120_1108193435890125_536745119_n.jpg,"['person', 'person', 'person', 'person', 'person', 'person', 'person', 'person', 'person', 'person', 'person', 'person', 'person']"
12751299_1108895075795548_1263471385_n.jpg,"['person', 'person']"
41063069_429084760951244_5046689779680167471_n.jpg,[]
12556107_1510784232561166_1592443608_n.jpg,"['person', 'person', 'person']"
12519415_250026488681624_993922717_n.jpg,['person']
17438495_833860200086467_6264004978520621056_n.jpg,"['person', 'person']"
12750321_1697785083766495_1692706701_n.jpg,"['person', 'person']"
15875832_198339253967860_9158799973813321728_n.jpg,['person']
12751501_1166609250029606_604895415_n.jpg,"['person', 'person', 'person']"
11856626_900309296726195_304467812_n.jpg,"['person', 'person', 'person', 'cake']"
26262411_192319044838779_7829861737229713408_n.jpg,['person']
11887210_812003078918461_1333773041_n.jpg,"['person', 'person']"
51198989_2499460710280860_7102083426330435813_n.jpg,"['person', 'person', 'person']"
43985264_288323085126002_5316383567970208111_n.jpg,"['person', 'person']"
10249308_1412687505666844_1846210297_n.jpg,"['person', 'person', 'person']"
20837107_203950840142080_1096033211072380928_n.jpg,"['person', 'person']"
21980611_1845577762421678_5719354459113390080_n.jpg,"['person', 'horse']"
10413020_647466635346620_1733620677_n.jpg,[]
13597765_835314113268986_1221929702_n.jpg,['train']
15043706_339935083051508_9211812351420923904_n.jpg,"['person', 'person']"
11325873_818434951573988_1202037284_n.jpg,"['person', 'person']"
35001308_2127851880870091_3223267346697158656_n.jpg,['person']
10731474_398893056941336_1940247563_n.jpg,[]
11202537_844699565619163_871377142_n.jpg,['teddy bear']
13732260_1590252474606241_133441565_n.jpg,['person']
23101493_2054473464775985_7579662141137879040_n.jpg,"['potted plant', 'person', 'chair']"
12093795_957449470980912_137055830_n.jpg,"['refrigerator', 'person', 'person']"
14288044_1464085940274445_394614562_n.jpg,['person']
19380109_799141340242219_8568569174106832896_n.jpg,"['person', 'person']"
54511081_267216437552801_7108604561238303889_n.jpg,['person']
12446050_1655469941381951_2029295935_n.jpg,"['person', 'person', 'cup']"
21294484_477207049330843_4545367411229982720_n.jpg,['person']
13151322_940676796047040_1506424753_n.jpg,"['person', 'person', 'tennis racket']"
56627390_2116918661677497_7361138297136289170_n.jpg,['person']
52956525_283665379197307_2751680630385783015_n.jpg,"['person', 'person', 'person', 'person']"
13380880_824062464391491_1403973116_n.jpg,['person']
47693096_2024969287805438_5956608411587982464_n.jpg,"['person', 'dog']"
11272760_1590232071259740_1773445558_n.jpg,[]
12145539_970756529632500_2077932840_n.jpg,"['person', 'person']"
12783259_671338019673019_2000433042_n.jpg,"['boat', 'boat', 'boat']"
10597354_322804171221184_117977392_n.jpg,"['chair', 'chair', 'person']"
15539040_215689428877981_6891004095600001024_n.jpg,['person']
16906985_314344202301533_836373361100587008_n.jpg,"['person', 'potted plant', 'person', 'vase']"
12783258_931121500336047_496843662_n.jpg,"['person', 'person', 'tie']"
14134597_925552637548993_583653668_n.jpg,[]
12556100_1548003938845228_650213138_n.jpg,"['person', 'person']"
14701156_354122124922695_3504373243983167488_n.jpg,['person']
43147369_240250823308749_7253377106312651891_n.jpg,"['person', 'car', 'person']"
11934573_1685940411636056_945762963_n.jpg,['cat']
23099012_126762814707778_1771401785982844928_n.jpg,"['person', 'person']"
10950414_1566139797005123_1022839106_n.jpg,"['bed', 'cat', 'suitcase']"
25024542_681609775373668_3595674082508537856_n.jpg,"['person', 'person']"
13628006_634854963334076_165004348_n.jpg,[]
17437583_110199912853079_7452830313777987584_n.jpg,"['cat', 'bed']"
18160878_207951119709513_4819990356030390272_n.jpg,"['cat', 'spoon', 'dining table', 'bowl']"
927694_911645105517188_1453203517_n.jpg,['person']
25013621_1880659248913903_6852649599560056832_n.jpg,"['person', 'dog']"
26268858_2100182343601848_5542112828233613312_n.jpg,"['person', 'person', 'umbrella']"
44847250_2113642912297920_4121021842427993758_n.jpg,[]
926282_565889880151666_198427055_n.jpg,"['person', 'person', 'tie']"
14240895_559986147533994_1778529303_n.jpg,['person']
11353440_1450766908563114_1270049085_n.jpg,['person']
11906407_1472647766372995_911841133_n.jpg,['book']
54731758_843344889382270_9177118068055513984_n.jpg,['person']
53551273_435309623874511_6842093722954797916_n.jpg,['person']
12501556_265035417169855_1610578656_n.jpg,"['person', 'person', 'person', 'person', 'person', 'person', 'person', 'person', 'person', 'person', 'person', 'person', 'person', 'person', 'person', 'person', 'person', 'baseball bat', 'car']"
13394918_242731056111462_79062017_n.jpg,"['fork', 'knife']"
12135384_1165952753418410_298986918_n.jpg,"['person', 'person']"
14027306_1576029066032035_802899349_n.jpg,"['person', 'person', 'person']"
11417358_509050312599623_569326023_n.jpg,"['person', 'person']"
27891891_2002803566712378_2133869220146970624_n.jpg,"['person', 'bench']"
12093725_900747806669420_454811211_n.jpg,"['person', 'person']"
10725031_743967042322977_541452606_n.jpg,"['person', 'person', 'person', 'person', 'bottle', 'bottle', 'fork', 'bottle']"
19931560_1585349621528072_4987472249255624704_n.jpg,"['bird', 'bird', 'bird', 'bird']"
13388509_1760440574171888_1976261723_n.jpg,"['person', 'person']"
11261371_1622860291308311_1487795416_n.jpg,['person']
11820709_1619806171626686_1106435967_n.jpg,"['person', 'person', 'person', 'person', 'person', 'couch', 'person', 'person', 'person', 'person', 'person', 'person', 'chair', 'wine glass']"
15539030_1835990033304011_7868752962447736832_n.jpg,"['person', 'person', 'person']"
17882964_1478663448823942_5465795206458638336_n.jpg,['cat']
18011926_221114068372132_4186871911281590272_n.jpg,"['person', 'person']"
17495305_1208727592509970_3846700889301581824_n.jpg,"['person', 'person', 'person', 'person', 'person', 'person', 'person', 'person', 'person', 'person', 'person', 'person', 'person']"
51679576_361914694659041_5375284757366451252_n.jpg,['person']
11350736_1596473877274624_1753080189_n.jpg,"['person', 'person']"
20066875_752295081608070_2600456316652617728_n.jpg,"['person', 'person']"
56478722_2272934086306148_3005511972903946292_n.jpg,['person']
11246761_484906318351622_1213115149_n.jpg,"['cat', 'bed']"
11821720_153849384956732_154955808_n.jpg,"['cup', 'cup']"
30604477_825073994352128_4276702238904156160_n.jpg,"['person', 'person', 'person']"
26269788_1495232793928345_9134341204509458432_n.jpg,"['person', 'person', 'person', 'person']"
59391993_129362048157615_6413212259915613679_n.jpg,[]
28435928_228950157669987_3040513073753358336_n.jpg,"['bird', 'bird', 'car', 'car', 'person']"
18723648_1524827434248883_6076840723351601152_n.jpg,['person']
12383120_215244458840381_1751955995_n.jpg,[]
15259050_1695278867428764_3844457589228175360_n.jpg,['person']
15876503_1824694981106069_1795153964447039488_n.jpg,"['chair', 'person']"
12256601_1520482954944397_427396566_n.jpg,['person']
43914665_518686175276667_5709325149996493956_n.jpg,['person']
10729437_542477145908730_1963077013_n.jpg,['person']
14310784_1766232033619915_91768992_n.jpg,"['person', 'person']"
14156416_533855463486693_1533613755_n.jpg,"['person', 'person', 'person', 'person']"
12818905_1692105574369444_1949642729_n.jpg,"['person', 'person']"
12132965_897218833660281_101847006_n.jpg,"['person', 'person']"
54513662_255312142090977_2587237760535474452_n.jpg,['person']
17267941_1949031735328012_7281236096741015552_n.jpg,"['cat', 'book']"
22709217_1938295596411322_6272367318500638720_n.jpg,['person']
1390394_655306827833626_724247878_n.jpg,"['person', 'backpack']"
16464940_179766125843041_8495562680059297792_n.jpg,"['person', 'person', 'person']"
17125946_1483998938277545_2098282551356424192_n.jpg,"['person', 'potted plant', 'person']"
13743511_913076302135282_287458089_n.jpg,[]
923591_582979821799229_804006416_n.jpg,"['person', 'person']"
10809672_994873107195938_1662916326_n.jpg,[]
38278598_233586477234015_3430256170177134592_n.jpg,['person']
53836936_2284889721789711_6525477268104770309_n.jpg,['person']
11328561_716380248474426_698432851_n.jpg,[]
27879910_275306763003783_9153915951752675328_n.jpg,['person']
10865076_1474216866224391_596810680_n.jpg,"['person', 'person']"
23279474_805121359675603_4639162844070281216_n.jpg,"['person', 'person']"
11352286_383105255219689_1184198586_n.jpg,['person']
15258880_1903166243248851_364433601472757760_n.jpg,['person']
51245534_154530428872303_2607562961271117965_n.jpg,"['person', 'person']"
30841498_447748332322661_8944034734086815744_n.jpg,"['chair', 'chair', 'person']"
13687010_1193875543967151_1543304776_n.jpg,"['person', 'person', 'tv']"
16908343_217278388676694_907569891505078272_n.jpg,"['person', 'person']"
13328964_1561129237524456_1148388162_n.jpg,['person']
11371027_429600703893454_787159342_n.jpg,[]
27891212_216342215597706_6736297969143775232_n.jpg,['person']
11373960_793836814060095_1462285410_n.jpg,"['person', 'person']"
40246489_336108033600321_522152642415688492_n.jpg,"['sports ball', 'sports ball', 'person', 'person']"
1741200_220633698137721_1549926833_n.jpg,[]
16790344_1211862635598747_3528321199941615616_n.jpg,"['person', 'person']"
52696296_1077999389051451_4999067284487353464_n.jpg,['person']
11189768_1616000028613356_280103241_n.jpg,['person']
52508199_326205071368058_2026571243528074254_n.jpg,"['person', 'person', 'boat']"
13109060_1257782674255174_540040479_n.jpg,[]
1599970_647655171950504_352885141_n.jpg,"['person', 'person', 'person']"
16228811_755340727966927_7453732978464653312_n.jpg,"['chair', 'person', 'chair']"
12142478_1699438943621088_993609915_n.jpg,"['person', 'person', 'skateboard', 'skateboard']"
45513572_375241026553565_5722948380338833982_n.jpg,"['potted plant', 'person', 'person', 'person']"
39296794_219304968937808_1649303094187524096_n.jpg,['person']
10453663_334051390053110_698661038_n.jpg,"['person', 'person']"
18808916_309860506106405_9060985907577880576_n.jpg,"['cat', 'bed']"
18646136_1514060615290817_8238045228494225408_n.jpg,"['person', 'person', 'person', 'person']"
20635204_725279017655788_1156592765342056448_n.jpg,"['cat', 'cat', 'cat', 'cat']"
51166426_244318903146923_2287458519953220682_n.jpg,['person']
21827545_116504559030603_6796258087712849920_n.jpg,"['person', 'person', 'person', 'person', 'person', 'chair']"
13388575_913168622138576_1493438073_n.jpg,"['person', 'bottle', 'wine glass']"
40969396_737237339951962_2520552667359528923_n.jpg,"['bird', 'person', 'bird']"
50799845_297703177610032_3174988363712308295_n.jpg,['person']
12063033_498995066950214_322767832_n.jpg,"['potted plant', 'couch', 'potted plant', 'person']"
35540242_847829012084295_7948351660063981568_n.jpg,"['person', 'person']"
1391164_522453747850740_1773350416_n.jpg,"['person', 'person', 'person']"
30084777_352976651863234_1166308685740244992_n.jpg,['person']
11377584_438824509631699_1644241182_n.jpg,"['person', 'person', 'person', 'person', 'person', 'person', 'person', 'person', 'person', 'person', 'person', 'person', 'person']"
10449046_720598898052641_857882934_n.jpg,"['bed', 'chair']"
1597907_222403367946178_1018513323_n.jpg,"['person', 'person']"
11358132_1030781336967374_840471130_n.jpg,"['person', 'person']"
26361732_1927999700795917_8952610594070986752_n.jpg,"['person', 'person']"
14624299_197042890736484_6310908701452533760_n.jpg,"['person', 'person']"
21576505_115883999087703_8712466925168361472_n.jpg,['cat']
28430698_150921658920389_4213263334264274944_n.jpg,"['cat', 'couch', 'cat', 'cat', 'cat']"
54511197_2819194811639497_698595712988972714_n.jpg,['person']
11371164_392682064248288_746263030_n.jpg,['bowl']
14693679_1293983063985465_1438762646286368768_n.jpg,"['person', 'person']"
15624685_1199163766842168_8872438531205627904_n.jpg,"['person', 'person', 'person']"
11349199_804002019682533_510425822_n.jpg,"['person', 'person']"
12237473_1011599352225052_1769866535_n.jpg,"['dog', 'couch', 'bicycle', 'dog']"
10005226_239911469526900_154495619_n.jpg,['dog']
11351049_1672160639670921_1918979532_n.jpg,['cat']
12269923_510776495756959_1655049195_n.jpg,"['person', 'tie']"
18095281_377120356015078_593427844512612352_n.jpg,"['person', 'bed']"
15534763_1900202130201195_1909777841189289984_n.jpg,"['person', 'bicycle']"
19533652_188728768325428_4682701241082445824_n.jpg,"['person', 'person', 'person', 'person', 'person', 'person', 'person', 'person', 'person', 'person', 'wine glass', 'cup', 'cup']"
54511833_402544823910235_3598632243626086502_n.jpg,['person']
44444533_555275401586267_3331501827124284745_n.jpg,"['dog', 'dog', 'bowl', 'cake']"
28765153_392822147856652_2841289881857032192_n.jpg,"['person', 'person', 'bottle', 'cup', 'vase']"
22860603_127523151279510_8071866162058625024_n.jpg,"['person', 'couch', 'bed', 'laptop']"
12135367_761795273943869_1697461453_n.jpg,"['person', 'person']"
18513118_1882189108667129_8976550174843207680_n.jpg,[]
11379211_1432675807054799_1310325297_n.jpg,[]
11311116_1603594156579132_1497639667_n.jpg,[]
14359495_338322933182660_5045901267818250240_n.jpg,"['person', 'person']"
10488636_308568959306463_1084761267_n.jpg,"['person', 'person', 'person']"
14269170_1739777786272124_647653694_n.jpg,['person']
13556954_880419342086694_213946475_n.jpg,[]
14031785_1991008924458834_1054251044_n.jpg,"['person', 'person']"
11809900_783177321795218_1002037208_n.jpg,"['person', 'person', 'person']"
13696375_1035089493207008_539943821_n.jpg,"['person', 'person']"
1172247_1538790339769791_853134541_n.jpg,['person']
11195670_984059908273355_82787371_n.jpg,['person']
14566798_228842244210432_7455405284110893056_n.jpg,"['person', 'person']"
11015613_851286608262784_202798099_n.jpg,"['person', 'dog', 'bed']"
11311645_983374441681242_1204127_n.jpg,"['person', 'person', 'bed']"
45943241_384375455630151_4338753861939007162_n.jpg,[]
14736360_543948632465925_7463180265838346240_n.jpg,"['person', 'person']"
54800507_2718911344802052_3715489364400678436_n.jpg,"['person', 'person']"
40967883_251902192129289_4076074172114711459_n.jpg,"['person', 'person']"
10424678_1653194731624869_992224877_n.jpg,"['person', 'person']"
24126960_139449516637030_8932590802316558336_n.jpg,"['person', 'person', 'cup']"
28436364_226218841260710_2630116673604026368_n.jpg,"['person', 'person', 'couch']"
12912810_254447968239189_592529087_n.jpg,"['person', 'motorcycle']"
925555_758091880920594_1826993746_n.jpg,"['person', 'person', 'person']"
42106001_320070798769633_7965611552367659868_n.jpg,"['person', 'person']"
54510992_829618520718867_7664319593470989991_n.jpg,['person']
10375766_1429939460606141_512445025_n.jpg,"['person', 'person', 'person', 'person']"
21911209_481002762271282_1582606362364346368_n.jpg,"['person', 'person', 'handbag']"
11333399_1606008659674226_1887704884_n.jpg,"['person', 'person']"
17077475_235962436865692_6265143372487327744_n.jpg,"['person', 'person', 'person']"
19985502_319186068530044_9145446035726794752_n.jpg,['person']
19436730_438854496497693_9004645853733847040_n.jpg,['person']
1172186_184255211770174_1780794377_n.jpg,['person']
11258534_1408598776130142_277036896_n.jpg,"['person', 'person']"
17126270_1094718977340385_8433588273368006656_n.jpg,['person']
14488240_1239217586099613_4449544444588326912_n.jpg,"['person', 'person']"
53930301_319372985347870_8365750599461788749_n.jpg,['person']
53647184_390425951749178_6540499580771259696_n.jpg,['person']
16585297_1782591652058613_2127350786936537088_n.jpg,"['person', 'person']"
14515729_1601812136790261_8050631800797528064_n.jpg,"['chair', 'person']"
17077263_751252631695473_6162023402438656000_n.jpg,"['person', 'person']"
51851341_578476612632356_5440106760508480135_n.jpg,['person']
16908414_419117938429678_9076376300112838656_n.jpg,"['person', 'person']"
15056619_1904862369748570_2645859476795555840_n.jpg,"['person', 'person']"
37986836_282414792342734_85632941983531008_n.jpg,"['person', 'cat', 'cat']"
49907524_369382193792735_5217596702246016094_n.jpg,['person']
11254125_447620772078874_1340922488_n.jpg,"['person', 'person']"
11355731_782245921891495_2073076995_n.jpg,"['person', 'person', 'person']"
12798106_1176114439084753_1347578775_n.jpg,"['person', 'person', 'person', 'person', 'person', 'person']"
10358262_552173434901184_930797665_n.jpg,['person']
12558631_1691072121177373_1421311553_n.jpg,"['person', 'cell phone']"
57437746_158498631829366_332305560643084032_n.jpg,"['person', 'cell phone', 'cell phone']"
10852744_649015245209951_304591979_n.jpg,"['person', 'couch', 'person']"
12716585_963237413770018_316258003_n.jpg,[]
12328104_1762236974000010_1006394633_n.jpg,"['person', 'person']"
54446621_164522324545815_2144201445962359739_n.jpg,"['person', 'person', 'person']"
12797630_644814465656616_125656298_n.jpg,"['person', 'person', 'person', 'person']"
1516032_389225064545516_480789483_n.jpg,['chair']
11263256_1582777781980296_1429264106_n.jpg,"['dining table', 'bowl']"
10848362_205681556460636_1014832849_n.jpg,"['person', 'cake']"
20214682_882634971899252_3394061501521199104_n.jpg,"['person', 'cat', 'cat']"
12912673_1586229775023247_960796139_n.jpg,"['bottle', 'person']"
19622854_249293215554202_2675434436912218112_n.jpg,"['person', 'person', 'person', 'person', 'person', 'person', 'person', 'person', 'person', 'person', 'person', 'person']"
35999580_495410060881521_1289053722868973568_n.jpg,['person']
13732281_935691496553507_514870356_n.jpg,[]
26065238_533728233674139_3348780477363257344_n.jpg,"['person', 'person', 'person']"
21434188_1925403481042683_4534210623793266688_n.jpg,['person']
50477914_995871527272382_5618105112290618871_n.jpg,['person']
927677_466835463462474_434181671_n.jpg,"['person', 'person']"
11382931_1441922326132641_1966888734_n.jpg,"['person', 'person']"
37836486_283218759173830_6402008453904072704_n.jpg,[]
11084851_1613185112301363_1515193358_n.jpg,"['cup', 'dining table']"
11247660_405691072968730_2137830965_n.jpg,[]
11899581_514439408709009_428498133_n.jpg,"['person', 'person']"
31702783_986546361492357_2887004070646644736_n.jpg,[]
10326570_742514612447526_1079222552_n.jpg,['person']
46613111_511120792725620_8738942162319362070_n.jpg,['person']
18580031_299586880484121_8245004389773737984_n.jpg,['person']
10914503_318194741711968_313854388_n.jpg,"['person', 'person', 'person', 'person']"
10424676_595732753874988_1449843948_n.jpg,"['person', 'person']"
926503_935333893150482_1041855492_n.jpg,"['person', 'person', 'person', 'person', 'toilet']"
57564813_1038366029699786_6229153933797430762_n.jpg,"['person', 'person', 'person', 'person', 'person', 'person', 'person']"
10963853_1563023580622534_478499435_n.jpg,"['person', 'person', 'person', 'person', 'person', 'person', 'person', 'person', 'person', 'person', 'person']"
10401543_254755608051354_944286442_n.jpg,"['person', 'person']"
14693882_593558710815905_8177073378838970368_n.jpg,"['person', 'handbag']"
53314633_314536849237617_5889208088727495034_n.jpg,[]
52147140_271968407044647_1474082019395639928_n.jpg,['person']
41537564_471378520015049_2614810787908589513_n.jpg,"['person', 'person']"
11375779_945909212119021_1477693647_n.jpg,['person']
11348269_1632724076966565_1840642949_n.jpg,[]
17267657_324865177915885_3925304228246978560_n.jpg,['person']
13561753_1148458831862994_1752615910_n.jpg,['wine glass']
30079601_185893518873155_4788420246165782528_n.jpg,"['person', 'person']"
23161540_1675467452527143_7219687445862809600_n.jpg,"['person', 'person']"
18512983_652722221601745_6717309021079994368_n.jpg,"['person', 'person']"
13269544_1913097052250207_2066637209_n.jpg,"['person', 'person', 'person']"
12479317_1691365191076810_2143621481_n.jpg,[]
11420915_1015935675113530_1698005223_n.jpg,"['person', 'person', 'person']"
12142576_951461304925080_1919583564_n.jpg,"['person', 'person']"
10953576_1401029120198497_619326656_n.jpg,['person']
14714612_1169788446434271_519822859657281536_n.jpg,['person']
10483514_1537849299769390_453394346_n.jpg,"['person', 'person', 'person', 'person', 'person', 'person', 'person', 'person', 'person', 'person', 'person', 'person']"
16228656_682557881925199_1920701639535099904_n.jpg,"['person', 'person']"
12918514_1089195131139150_976287817_n.jpg,"['person', 'person', 'person', 'person', 'person', 'cup']"
22070728_1834896396538003_7488056377114361856_n.jpg,"['cat', 'person', 'couch']"
57226660_422739175179041_1208681676887463071_n.jpg,"['person', 'person']"
18812923_314558635633361_7807471583089393664_n.jpg,"['person', 'tv']"
12523619_512136262302455_288896424_n.jpg,"['person', 'person', 'person', 'person', 'person', 'person']"
20394177_168288950382009_1974039214886486016_n.jpg,"['person', 'person', 'person']"
53720128_366272210625293_8566556596156304962_n.jpg,['person']
15875799_716306158537142_1874359762750013440_n.jpg,"['person', 'person', 'person', 'person', 'person']"
11311389_822802697832868_572309684_n.jpg,"['person', 'person']"
14350809_958363310934365_290582050_n.jpg,['person']
11809620_556318641186411_872652407_n.jpg,"['cup', 'cat', 'cat', 'bed', 'cat', 'cat', 'cup']"
12145212_968480466547218_896697072_n.jpg,"['person', 'person']"
14478344_1202171613199493_5332990376670134272_n.jpg,['person']
24125675_1756059241355919_616190144684228608_n.jpg,['person']
10175355_636999633041518_1264724860_n.jpg,"['person', 'person', 'person', 'person', 'person', 'person', 'person', 'person', 'person', 'person', 'person', 'person', 'person', 'person', 'person', 'person', 'person', 'person', 'person', 'person', 'bottle']"
11330669_1588680764736459_1745920290_n.jpg,['person']
12479052_1531670577136878_1654570916_n.jpg,"['person', 'person']"
56716447_375574013376206_5956370117038549196_n.jpg,"['person', 'potted plant']"
11117095_651933714906792_250400464_n.jpg,['person']
14676525_1145345115550206_8863867958326198272_n.jpg,"['person', 'person', 'person', 'person', 'person']"
14369035_1813466982205801_5853544630603218944_n.jpg,"['person', 'sports ball', 'person', 'person', 'person', 'person', 'person']"
1171755_261364390705714_387872563_n.jpg,"['person', 'person']"
1739308_211983215671362_620278672_n.jpg,"['spoon', 'person', 'cup']"
15043798_1854883931415942_3089266488775802880_n.jpg,"['person', 'person', 'bicycle', 'bicycle', 'bicycle']"
10986404_845107355530648_987448734_n.jpg,"['person', 'person', 'person']"
26072554_138436663507508_7037599434015768576_n.jpg,"['person', 'person', 'person', 'person', 'person']"
1740284_457964220970666_1240875888_n.jpg,"['person', 'couch', 'handbag']"
11123766_803162349779016_662106445_n.jpg,[]
1660650_524521224332571_1118208883_n.jpg,['person']
11326619_471070506403101_1891526581_n.jpg,['person']
37604338_220417092141784_4527173517447266304_n.jpg,['person']
11420768_394130287464119_778318406_n.jpg,[]
15623911_205202456607991_1985912639091376128_n.jpg,[]
16790357_1417004118319590_5964458480235446272_n.jpg,"['person', 'person']"
16228806_1208105689224934_2185942193917657088_n.jpg,['person']
57604491_161756761500989_2868957607983620120_n.jpg,"['tv', 'person', 'chair']"
56576043_388197402035165_3768893677250277139_n.jpg,['person']
12362447_1665362070419582_758109129_n.jpg,['person']
11334560_1576977892526930_279078936_n.jpg,['person']
12080485_1489502031351733_1475880285_n.jpg,['person']
16111047_1330523167005645_1791973833222127616_n.jpg,"['person', 'person']"
11263259_721878361274539_1648195900_n.jpg,[]
11242289_841120512590147_242213731_n.jpg,"['person', 'person']"
11875310_698740153590290_463999009_n.jpg,"['person', 'person', 'person']"
11351809_912582652143898_423290263_n.jpg,['cat']
12717090_1173063476067993_40160234_n.jpg,"['person', 'person', 'person', 'person']"
21819993_168364200383785_1097103181915095040_n.jpg,"['person', 'person']"
11254107_1663195847230527_1198598753_n.jpg,[]
27891073_1893669460945282_3280413883730231296_n.jpg,['person']
1172922_180173885517784_872241033_n.jpg,[]
11282582_1579782332303345_994481462_n.jpg,[]
13150893_1061547033918520_878531017_n.jpg,['person']
14474295_976986459113922_8082802501708939264_n.jpg,"['person', 'person', 'person', 'person', 'person', 'person', 'person', 'person', 'person', 'person', 'person', 'person', 'person', 'person', 'person', 'person', 'person', 'person', 'person', 'person', 'person', 'person', 'person']"
1169953_1659850097586895_666953916_n.jpg,"['person', 'person', 'person']"
14677199_1488921424457796_3619064680560984064_n.jpg,"['person', 'person', 'bicycle', 'bicycle', 'bicycle']"
13534309_153825798364084_223011251_n.jpg,['potted plant']
42949609_2046741072045340_3474489076890303444_n.jpg,"['tv', 'person', 'potted plant', 'dining table', 'potted plant']"
16465739_874754682628101_7901293073496276992_n.jpg,['person']
14561863_562542917289526_4927267403450023936_n.jpg,"['person', 'person', 'person', 'person', 'person', 'person', 'person', 'person', 'person', 'person', 'frisbee']"
29417619_598991293767346_7739322289031741440_n.jpg,['person']
13381412_1317063928307947_1515210475_n.jpg,"['person', 'person', 'tie']"
16906413_740473336125303_8398488967401439232_n.jpg,"['person', 'person']"
14052488_1688725321348122_1849392223_n.jpg,"['person', 'person', 'person', 'person', 'person', 'person', 'person', 'person', 'person', 'person', 'person', 'person', 'person', 'person']"
11236365_1639220822976087_1432900327_n.jpg,[]
10475044_416366911838441_200049729_n.jpg,"['person', 'person']"
14583481_1937158113180626_6276522398711808000_n.jpg,"['person', 'person', 'person', 'person']"
17437945_104132336802334_5095980852777582592_n.jpg,"['person', 'person', 'cup']"
22071417_120517025314020_1654573543045726208_n.jpg,"['bench', 'person', 'backpack']"
10448990_522655507846343_849764077_n.jpg,"['person', 'person']"
13266814_959970227454789_353801193_n.jpg,"['person', 'person']"
15538507_233600077078170_7381995432504721408_n.jpg,"['person', 'person']"
1168582_636219579834931_1169826715_n.jpg,['cell phone']
14607039_318621135178621_8748808013554384896_n.jpg,['person']
923665_676345335754236_1452405249_n.jpg,"['person', 'person']"
47691621_2232468770407581_3961175599984504864_n.jpg,['person']
10611029_296684400514819_1908430346_n.jpg,"['person', 'horse', 'sports ball']"
13381119_515821105268095_902753251_n.jpg,['cat']
1168405_1726984070856538_1033096831_n.jpg,"['person', 'person']"
15306120_351477015226374_186621916763652096_n.jpg,['cake']
12105196_1037217042979012_1883071075_n.jpg,"['person', 'person']"
11377793_1610763825841185_1278090494_n.jpg,"['person', 'person', 'couch']"
1389685_641707482563704_1768624528_n.jpg,"['person', 'person']"
17493972_185169075324831_8263697831202652160_n.jpg,"['person', 'person', 'person', 'handbag']"
10735282_727955310621975_1673793027_n.jpg,"['person', 'cup']"
15306635_1830644383888326_4595929707563712512_n.jpg,"['person', 'couch', 'book', 'book', 'couch']"
14063418_279682262408118_187317158_n.jpg,"['person', 'person']"
13102431_218025971940829_8646071334977142784_n.jpg,"['umbrella', 'person', 'person']"
928231_1405690759703085_1573446448_n.jpg,"['person', 'person', 'person', 'book', 'book', 'book', 'book', 'book', 'book', 'book', 'book']"
926716_1158629114149407_1799342420_n.jpg,"['person', 'person', 'person']"
12224089_1079715545385842_466044200_n.jpg,"['person', 'person', 'person', 'person']"
10175153_490209521079856_391454889_n.jpg,"['person', 'person']"
43985545_438983343295003_7353936732252208406_n.jpg,"['person', 'person', 'person', 'person', 'person', 'person']"
15538886_1113616882069943_3366944345029607424_n.jpg,[]
53378082_2320658381485566_8719351462672437856_n.jpg,['person']
15535300_445524432502879_6334962640023977984_n.jpg,"['person', 'person', 'person', 'person']"
10249239_1638579686359467_695004989_n.jpg,"['person', 'person', 'person', 'tie']"
14504808_1316480841756175_1939005175242948608_n.jpg,[]
10432047_288674171306828_1063632158_n.jpg,[]
11374421_442065039329855_1797280310_n.jpg,['person']
1739253_737366286282069_1040540034_n.jpg,['person']
11055989_348299075362067_1498972985_n.jpg,"['person', 'person', 'tie']"
11380776_683650021780781_1041989460_n.jpg,['person']
10310985_760065840696622_558779664_n.jpg,"['person', 'person', 'person', 'person', 'bottle', 'cup', 'cup']"
22580820_186525725228408_4073557007427174400_n.jpg,"['person', 'person']"
24331589_417237562024360_213241423984590848_n.jpg,['person']
57156375_361870571401839_8525508616934346362_n.jpg,"['person', 'person', 'person', 'person']"
10952586_421861744643257_1769769942_n.jpg,['person']
32872497_895993433919645_5890564272282402816_n.jpg,['person']
12120314_1608446929416839_578931898_n.jpg,['person']
14026497_1780051688873546_564304833_n.jpg,"['person', 'person', 'person', 'person', 'person', 'person', 'person', 'person', 'person', 'person', 'person', 'person', 'person', 'person', 'person', 'person']"
11950632_895912213836364_488155624_n.jpg,"['person', 'person', 'tie']"
11887144_146566339027037_1437762138_n.jpg,"['person', 'person']"
11259960_688463104633601_806528136_n.jpg,['person']
11426184_669011093200625_144854321_n.jpg,"['person', 'person', 'laptop']"
926354_707980705913983_1357891284_n.jpg,[]
47693090_392038114671883_274202655606040837_n.jpg,"['person', 'vase']"
17494576_273585266397418_7510938618542686208_n.jpg,"['person', 'person', 'person', 'person', 'person', 'person']"
23734668_2047113715521120_8983341175268179968_n.jpg,"['person', 'person']"
15535062_742598482583510_5774900266130210816_n.jpg,"['person', 'person']"
20759390_803516223168685_7835246599721713664_n.jpg,['person']
15258788_1226936087366736_1757007830155526144_n.jpg,['person']
22280838_1233761540102823_7468524850127044608_n.jpg,['person']
15877104_1815858555292825_4132140511668469760_n.jpg,"['person', 'car', 'cell phone']"
21910029_1426039297465509_2000773505108410368_n.jpg,[]
10731924_851061428267463_1018153207_n.jpg,"['person', 'person']"
11325662_668251796640913_363335653_n.jpg,"['cat', 'dog']"
25005305_374343276356882_9108109614439727104_n.jpg,"['person', 'person']"
11232872_862982153774974_48972838_n.jpg,[]
19052017_158613204680334_8250691867071479808_n.jpg,['person']
52504200_805847183110569_4924729050438351206_n.jpg,['person']
11849181_418482415008641_1603460600_n.jpg,"['person', 'person']"
12331715_1653529318256057_1943241184_n.jpg,['person']
25007178_1534444903307230_929596231850655744_n.jpg,"['person', 'toothbrush']"
17493441_1290386014408761_3140842461815898112_n.jpg,['person']
22581785_1886038671724081_6664730619852881920_n.jpg,"['person', 'person']"
11240451_1121213337905445_1069251313_n.jpg,[]
13715171_1362786167083453_960896919_n.jpg,"['person', 'person', 'cell phone']"
11420702_1704177863142925_1890663143_n.jpg,"['person', 'person', 'person', 'person', 'person', 'person', 'person', 'person', 'person', 'person', 'person', 'person', 'person', 'person', 'person', 'person', 'person', 'person', 'person', 'person', 'person', 'person', 'person', 'person', 'person']"
10785092_400681646746507_1617367899_n.jpg,"['person', 'person']"
1663070_636989163050652_236398913_n.jpg,"['person', 'person']"
43984406_601404426944283_8478843485796017700_n.jpg,"['person', 'person', 'dog']"
14709707_1402113066484505_2748059817036742656_n.jpg,"['person', 'person']"
13721321_801942636609346_1968915306_n.jpg,"['person', 'person']"
37205402_654374021602413_82095409350049792_n.jpg,"['person', 'person', 'person', 'handbag']"
12976483_714884551948592_843011858_n.jpg,['person']
17126361_166829483826628_7046243111533543424_n.jpg,"['person', 'person']"
10729226_262529500538056_1577320739_n.jpg,['dog']
12070872_157797897906608_504916397_n.jpg,"['person', 'person', 'person']"
14712260_340024616351336_1025935947482529792_n.jpg,[]
25017561_274964583032434_8856832831960121344_n.jpg,"['person', 'person', 'bench', 'person']"
10249293_919607384783206_1892780101_n.jpg,"['person', 'person', 'person']"
928102_757665574248182_1340082118_n.jpg,"['cat', 'chair']"
19227769_434082626962939_5072076439197581312_n.jpg,"['person', 'person', 'person', 'person', 'tie']"
17332477_1936345313254178_4871759237526585344_n.jpg,['person']
11245844_847581201989447_63125208_n.jpg,[]
52001904_563365817505191_6389959924798517646_n.jpg,"['person', 'person', 'person', 'person', 'person', 'person', 'person', 'person']"
10932331_1535790000026318_376050726_n.jpg,"['person', 'person']"
54513423_455334278541093_5803144890305923870_n.jpg,['person']
11232667_1601539620097303_2011971244_n.jpg,"['cup', 'cup', 'cup', 'dining table']"
53086317_546438572516736_5785198036321259191_n.jpg,[]
11378648_1675888392674753_1887665934_n.jpg,"['person', 'person']"
15035748_250128738736717_9021712533349728256_n.jpg,"['person', 'person', 'person']"
16465626_221114288361562_3871364283732328448_n.jpg,"['person', 'person']"
25022256_1949582398627688_6247341012218281984_n.jpg,"['person', 'person']"
11312154_470264689788855_917966161_n.jpg,[]
10598691_1466103237001935_1981905389_n.jpg,[]
50570921_115456722891086_9123245031712192907_n.jpg,['person']
54247735_115021552800148_4092181942732561179_n.jpg,['person']
12269921_479788088890561_1184082139_n.jpg,['person']
21690694_268324660344169_7627801985722351616_n.jpg,"['person', 'chair', 'chair']"
14134509_1734483976819077_1211339601_n.jpg,['person']
10890962_938518226158341_290918628_n.jpg,['person']
11372033_1019929504705373_1414857773_n.jpg,['dog']
12142458_913249425461745_28248292_n.jpg,"['person', 'person', 'person']"
12139582_1491661661129033_499310708_n.jpg,"['person', 'person']"
13118274_1053987844694579_1294767748_n.jpg,"['bird', 'person', 'person', 'person', 'bench', 'person']"
10818005_179288502462801_1861856855_n.jpg,"['cat', 'person', 'bed']"
10727243_1505208059729833_1630958944_n.jpg,[]
10518173_1446056775661847_1923131536_n.jpg,['person']
13391220_1606880082936064_2100955116_n.jpg,"['person', 'person', 'person']"
18382422_1883995171846449_9175897783352164352_n.jpg,['person']
11280566_484060035105900_1559264849_n.jpg,[]
1889147_1459911877553776_99610560_n.jpg,"['person', 'potted plant', 'person', 'person', 'person', 'cell phone']"
53859476_669804643422572_4755845080822706387_n.jpg,"['person', 'person']"
13269480_1548766032087035_2134254287_n.jpg,['person']
43568457_263911504297379_9142874856786385638_n.jpg,"['person', 'person']"
11283336_757298954367507_1699860545_n.jpg,"['person', 'person', 'person', 'bowl', 'bowl', 'person', 'person', 'bowl', 'bowl', 'cake', 'bowl']"
11372086_1628262867455185_1830959620_n.jpg,['cat']
15035543_665861326906989_6448411336404631552_n.jpg,"['person', 'person']"
22637214_2228360767413603_7894999859780911104_n.jpg,"['person', 'person', 'person']"
12825884_186523055057255_964984640_n.jpg,['person']
41149229_902418419959328_1719666414159384260_n.jpg,"['person', 'person', 'person', 'person', 'person']"
52553786_258467688362501_7133382397683615221_n.jpg,['person']
11887295_1647620612174527_1937014909_n.jpg,['person']
25022356_1479668918807736_4539747583962120192_n.jpg,"['person', 'person', 'person']"
14712123_1766173223631048_7572433698293809152_n.jpg,"['person', 'person']"
16465137_1292314160859259_7261346829042712576_n.jpg,[]
12357646_1529668570684509_871816913_n.jpg,"['person', 'person', 'person']"
56816152_343129719649688_2864015732538214278_n.jpg,"['person', 'person']"
12346087_813656062114303_1716446051_n.jpg,['person']
20481900_1706975496263034_764143624773435392_n.jpg,['person']
25018373_329634787515989_1769419534021689344_n.jpg,"['person', 'person']"
31174505_232578077489686_1914123626538336256_n.jpg,"['potted plant', 'person']"
12751182_1768239466737861_69426863_n.jpg,"['person', 'person', 'person', 'person', 'person']"
14334606_1412799985688215_1625305109_n.jpg,"['person', 'person', 'person']"
12142063_1727113310850613_1511198639_n.jpg,"['person', 'person', 'person']"
13298010_620296421461914_906681928_n.jpg,['person']
11375243_1483326885296057_1158413179_n.jpg,['person']
11273368_101181616888474_1841886704_n.jpg,"['person', 'person']"
21041271_1591976254205778_2131981994337239040_n.jpg,"['person', 'person', 'person']"
22858154_1994472747489235_1490038379637637120_n.jpg,"['potted plant', 'person', 'person', 'potted plant', 'potted plant', 'potted plant', 'potted plant', 'potted plant', 'potted plant', 'potted plant', 'potted plant', 'potted plant', 'potted plant']"
26074003_1850500118355042_2636552798061199360_n.jpg,"['person', 'person']"
11275150_1433837360258812_330702289_n.jpg,"['person', 'person', 'person']"
31754651_1818293605146059_3165088969541025792_n.jpg,"['person', 'chair']"
54447042_289980058570061_5517793563561985451_n.jpg,"['person', 'cell phone']"
19986182_1121815064629222_8910083687626833920_n.jpg,['person']
30602322_2073522306252916_4620618884683137024_n.jpg,['person']
49776333_143901789950651_8444446111649192907_n.jpg,"['person', 'person', 'person', 'person', 'person', 'person', 'person', 'person', 'person']"
11410764_206498456349393_1389306355_n.jpg,['person']
15306596_776290679177679_4904515561523773440_n.jpg,"['person', 'person', 'person', 'person', 'person', 'person', 'person', 'person', 'person', 'person', 'person', 'wine glass', 'book', 'book', 'book', 'book']"
52434290_332790387581567_7110273072429596339_n.jpg,"['person', 'person', 'person']"
14596638_230789620659771_4956023798634643456_n.jpg,"['person', 'person']"
915480_1446516762236534_156562801_n.jpg,[]
17126637_688983574606493_4751152522880614400_n.jpg,['person']
10665894_606971269420493_1000900715_n.jpg,['person']
27878746_166219440685170_8791937765903171584_n.jpg,"['person', 'person']"
21820136_128927601181177_1791261250903080960_n.jpg,"['person', 'dog']"
50831249_540308443154392_6033536384545767217_n.jpg,['person']
18382103_1537608442936463_887233045264859136_n.jpg,"['person', 'person', 'person', 'person']"
55778930_2000528006920515_8780279455041355056_n.jpg,"['person', 'person', 'person', 'person']"
1739449_1423130351269265_1694581825_n.jpg,"['person', 'person']"
16230877_1833081613607658_9205448777551314944_n.jpg,['person']
24845611_205610903346102_4616781644936773632_n.jpg,['person']
1517154_1723862311175724_2080018244_n.jpg,['person']
12063178_438313663036302_92552804_n.jpg,"['person', 'person', 'person', 'cup']"
28434268_845477665644120_2627870912514359296_n.jpg,['person']
12105078_1029158153803775_644853228_n.jpg,[]
12568948_585762661573583_1952501420_n.jpg,"['book', 'bed', 'book']"
11335866_1432510363735795_269376021_n.jpg,[]
36936622_238183580238756_7643495267940958208_n.jpg,"['person', 'person']"
51558910_556101498203866_2820910500214494663_n.jpg,['person']
15259047_215727532204563_7626568939266375680_n.jpg,"['person', 'person', 'person']"
928020_401165823393900_367919553_n.jpg,['person']
11311086_863116557103024_1293297865_n.jpg,"['person', 'person']"
15538340_453414695047309_5593163750111707136_n.jpg,"['person', 'backpack', 'bench']"
57094635_1203028463193640_8469565042935349222_n.jpg,['person']
11352879_1451690945124773_363846706_n.jpg,['bed']
53593536_1232438640249146_7997848900207188360_n.jpg,"['person', 'handbag']"
17493689_1863850527228943_2055165052549332992_n.jpg,"['person', 'person', 'person']"
12965168_1008720522498592_1028015141_n.jpg,"['person', 'cell phone']"
10864814_1523618771263646_795750341_n.jpg,"['person', 'person']"
37175402_2118005885122552_3618515848165064704_n.jpg,"['person', 'person', 'person', 'person', 'person']"
22637655_491582211214976_2340808694452715520_n.jpg,[]
1517062_636138016443849_81189235_n.jpg,"['person', 'person', 'person', 'person', 'person', 'person', 'person']"
11334562_1429381467384587_597526911_n.jpg,"['person', 'person', 'person', 'person', 'handbag']"
51612977_115214686246340_7153340535221890526_n.jpg,['person']
22159533_738771926318720_7212072992833011712_n.jpg,"['car', 'dog']"
31086484_1013702345444313_5419025177268715520_n.jpg,"['person', 'person']"
1172098_576402065747761_742267693_n.jpg,"['person', 'person']"
31702635_155990715244324_5549081425556275200_n.jpg,"['person', 'person']"
12747710_609522055897185_1739727716_n.jpg,"['person', 'person']"
928556_1444851562432924_102190601_n.jpg,"['person', 'person']"
20394289_111004839561588_345875597542555648_n.jpg,"['person', 'toilet']"
10375605_1735600200009368_1434499876_n.jpg,[]
37810173_896350073881910_1007896191486132224_n.jpg,['person']
1389731_612347822159271_1750317392_n.jpg,"['suitcase', 'dog']"
1168646_344036012406944_1668800911_n.jpg,"['person', 'person', 'person']"
11357605_651605878316324_1394872755_n.jpg,[]
16110386_967772749991367_6063016980267401216_n.jpg,[]
11313652_1448353935485136_627341443_n.jpg,[]
10576080_1446959465581925_1492994070_n.jpg,"['person', 'person']"
11242410_1435730440062271_642341433_n.jpg,"['person', 'person', 'person', 'tie', 'tie', 'tie']"
16465244_1877205509217620_8425590039240507392_n.jpg,"['person', 'person']"
1389663_586421384740804_1908907408_n.jpg,['person']
11380975_1589661997954618_1254277381_n.jpg,[]
12357669_513153855533680_1872474210_n.jpg,"['person', 'person', 'wine glass', 'chair', 'wine glass']"
19425499_2455445304596182_7563978230537912320_n.jpg,['person']
917081_284352101728214_5410205_n.jpg,"['person', 'person', 'person', 'person', 'person', 'person', 'person', 'person', 'person', 'person', 'person', 'person', 'person', 'person', 'person', 'person', 'person', 'person', 'person', 'person', 'person', 'person', 'person', 'person', 'person']"
37811213_889673491241779_7891131060614856704_n.jpg,[]
15338518_1816449971935875_5810990932153073664_n.jpg,"['person', 'person', 'person']"
14712362_131139924022789_5391584364926599168_n.jpg,"['person', 'person']"
10584674_256724131193877_1984619594_n.jpg,"['person', 'bed', 'person']"
13129855_1784327985130665_1602096681_n.jpg,"['person', 'person']"
42002369_2237920096421383_399174027170970263_n.jpg,['person']
22582224_327747961023089_351308847136112640_n.jpg,"['person', 'person', 'person', 'person', 'person', 'person']"
11349232_1109081962440219_174209904_n.jpg,"['person', 'person']"
11259273_1621062548107231_294094964_n.jpg,"['person', 'person', 'sink', 'knife']"
11232776_663075050504183_400473037_n.jpg,"['person', 'person', 'person']"
1515199_1403815326533901_1292481024_n.jpg,['person']
11313796_1588511821404107_335082330_n.jpg,['person']
13108925_586823914826008_130003497_n.jpg,"['cat', 'cat']"
10254052_381145965369856_887104884_n.jpg,"['person', 'person', 'person', 'person']"
11335868_1675543742676827_1999398697_n.jpg,"['person', 'person', 'person', 'person', 'chair', 'cup', 'person', 'person']"
12445834_1401238146844360_2043533201_n.jpg,"['person', 'person', 'person', 'person', 'person', 'person', 'person', 'person']"
11910317_887092581385405_790295244_n.jpg,[]
12599297_510212985848844_1654566087_n.jpg,"['person', 'cat', 'dog']"
54513633_2132051633558147_5634581464208102191_n.jpg,['person']
10431975_684587581615911_956720468_n.jpg,"['person', 'bowl']"
14310714_677409382410632_703610993_n.jpg,['person']
12142557_932491080164338_645277657_n.jpg,['person']
13743078_1756537864610809_460979108_n.jpg,[]
11376358_682468878551660_666937276_n.jpg,[]
53230832_339692293346329_3605980157659452530_n.jpg,"['person', 'person']"
56291090_481510792619143_1324052866932630388_n.jpg,"['person', 'person', 'person', 'person']"
49406676_288842575135432_8794839229342637975_n.jpg,['person']
11262762_390937167771392_2137191346_n.jpg,"['person', 'person']"
13714228_1236960476317030_2076298894_n.jpg,['person']
12120431_105740319825858_78897453_n.jpg,"['person', 'person', 'person', 'person']"
56459640_411751336285763_2231579062657742054_n.jpg,['person']
12783979_1712498575699026_668162335_n.jpg,"['person', 'person', 'person']"
10953530_359497490925640_781437297_n.jpg,"['person', 'person', 'bottle', 'bottle']"
35523476_207004456605917_1257966650796277760_n.jpg,"['bird', 'bed']"
21910591_327656490978341_5657317775396306944_n.jpg,"['person', 'person']"
27575584_340847996323571_1059735750964150272_n.jpg,"['person', 'person', 'person']"
14677481_285590411834868_6532107501540737024_n.jpg,['person']
10175284_1501428550069918_936936815_n.jpg,[]
18252529_627651620761591_2256641251145154560_n.jpg,['cat']
49521265_233640274190080_6310369235494467547_n.jpg,['person']
14718240_578721348984935_1309239832936972288_n.jpg,"['person', 'person']"
32366462_169482673728640_2247640378377240576_n.jpg,"['person', 'person', 'person']"
10948631_807729095961656_1364370920_n.jpg,[]
22637645_135848000394971_1014284817899978752_n.jpg,['person']
44528950_2205615423046946_8216834666432001737_n.jpg,['person']
56315761_1233235843506462_5516913578636583739_n.jpg,"['person', 'person', 'person']"
15802228_253304478436747_4962605934800011264_n.jpg,['bench']
16229436_723478254523537_3343534118976618496_n.jpg,"['person', 'person', 'person', 'person']"
51840537_444676546273223_1273794499980950169_n.jpg,['person']
12798078_916469315140214_1054319170_n.jpg,"['person', 'person', 'person']"
18513144_414134935637401_6146202452317175808_n.jpg,"['person', 'person']"
38963917_315034882393651_5158532348454633472_n.jpg,"['person', 'person', 'person', 'person', 'handbag']"
18722620_411491445902312_2588187613722574848_n.jpg,"['person', 'person']"
13651716_1732591203672524_1821599355_n.jpg,"['person', 'person', 'person', 'person']"
13534249_625510860932531_1069195317_n.jpg,"['person', 'book']"
23348052_304393486744160_2037976692214988800_n.jpg,"['person', 'person', 'person']"
15538692_1765776217006993_5830551952680812544_n.jpg,"['person', 'person']"
14549965_1689820594573684_1031832787256082432_n.jpg,['person']
10570132_1455217144761452_1590863358_n.jpg,"['person', 'person', 'bed']"
12120309_1639631526317522_466391322_n.jpg,['person']
14488116_202597936854138_6030838947846815744_n.jpg,"['person', 'person']"
40937071_689481131430939_1051636505315714885_n.jpg,['surfboard']
10986088_1569437223325640_741383050_n.jpg,"['person', 'person', 'person']"
12825795_864095537069744_1193241947_n.jpg,"['person', 'person']"
11093089_1065261876836992_815116418_n.jpg,"['person', 'bed']"
13397417_526633344204496_1024013709_n.jpg,[]
14677291_1746504039005557_6716308040296955904_n.jpg,"['person', 'person']"
14574251_144062092726710_8659387829538783232_n.jpg,"['person', 'person']"
12328261_468846029989366_1224738588_n.jpg,['person']
13628380_299323460413976_183692101_n.jpg,['person']
53309115_334284090541792_1624258161079020219_n.jpg,['person']
11255722_1141321789227149_1990340728_n.jpg,"['person', 'person', 'person']"
10932420_1406203886345621_314015890_n.jpg,"['person', 'person']"
50489273_2109958322559901_8999575407171341454_n.jpg,['person']
11910477_796625213793760_1948600480_n.jpg,"['potted plant', 'person', 'person', 'potted plant']"
10311220_673406339404020_874819620_n.jpg,['person']
12107493_1482143798781256_1661459086_n.jpg,"['person', 'person', 'person', 'person', 'person', 'person', 'person']"
50590556_824961807840976_4633687651909078255_n.jpg,['person']
57119733_421022632011664_5987087812514545664_n.jpg,['person']
25035646_1770153189709607_333584749761134592_n.jpg,"['person', 'person']"
38751565_224499948229954_6391134679042359296_n.jpg,['person']
11236290_1403258363332290_1781177012_n.jpg,['person']
11266018_826921190728429_310143658_n.jpg,"['cat', 'person']"
56542179_2162834120466480_188017380159681232_n.jpg,['person']
1515565_183790855158631_128635759_n.jpg,['person']
26070172_1812397818773525_850210259669614592_n.jpg,"['person', 'person']"
21147580_500430320303935_7043579072168853504_n.jpg,"['person', 'person', 'person']"
17663238_1278714555530449_5836644995150381056_n.jpg,['person']
15337052_1377162035627127_8849866953351757824_n.jpg,"['person', 'person', 'person']"
20214450_1339221789528138_7220444090251345920_n.jpg,['person']
25012054_842555389248807_6222037702020169728_n.jpg,"['person', 'person', 'person', 'person']"
11849345_1478325735814866_701326830_n.jpg,['person']
51180397_123438015399005_4318008707731957125_n.jpg,"['person', 'person', 'person', 'person', 'person', 'person', 'person']"
891463_279603335496846_1830878655_n.jpg,['person']
51608637_268207477409753_7505100830183944032_n.jpg,"['person', 'person', 'person', 'person']"
15056760_1782526868665129_2313257896588083200_n.jpg,"['person', 'person', 'person', 'person', 'clock']"
15251856_1162458170497546_9117306200277385216_n.jpg,"['person', 'person', 'person']"
11256286_1396150537378542_79863073_n.jpg,['person']
1516012_235532083319986_229867093_n.jpg,"['chair', 'person', 'chair']"
53767136_846539122357059_6286237759620334524_n.jpg,"['person', 'person', 'person', 'person', 'person']"
12107585_1488220081480671_1085629538_n.jpg,"['person', 'dining table', 'chair']"
11881654_148893465450045_447188438_n.jpg,"['person', 'person']"
11242740_1067847316562060_1736262889_n.jpg,"['person', 'person']"
15048057_1178651165555292_5188475455988039680_n.jpg,"['person', 'person']"
13743286_152928581778298_1416337669_n.jpg,['person']
12070815_551094381713037_1536150946_n.jpg,"['couch', 'cat', 'bench']"
43816447_286640422185605_7148238954627803468_n.jpg,['person']
20478755_881322932031555_3819646555296628736_n.jpg,[]
54247701_410383799791935_6035561318606054754_n.jpg,['person']
13397460_246359219078576_1113462599_n.jpg,[]
33165004_196482244327978_2495094395150270464_n.jpg,"['person', 'person', 'person', 'person', 'dining table', 'bowl', 'potted plant', 'person', 'person', 'chair', 'person', 'book', 'clock', 'cup', 'cup', 'cup', 'cup', 'cell phone', 'cup']"
39578461_518330088626151_8690071136030949376_n.jpg,[]
10954406_1390974991208213_1421260799_n.jpg,"['person', 'person', 'person']"
20347220_844839498999308_1923630755691364352_n.jpg,"['person', 'person', 'person', 'tv']"
17127022_1871602169789964_8886194843303280640_n.jpg,['person']
54511586_1301069350049619_3770365202227246635_n.jpg,"['person', 'person']"
54277691_599738137105133_6822634084568678508_n.jpg,['person']
11084756_1576382279286589_488935164_n.jpg,['person']
11312031_1424993571154626_657233468_n.jpg,[]
12338848_1541084616210376_351772862_n.jpg,['cat']
16906873_1895153747395687_3379702218964860928_n.jpg,"['person', 'person']"
13092243_1751172165166235_1854669426_n.jpg,['bottle']
15258573_708517862657174_825130871886446592_n.jpg,['person']
21980938_1701565619914776_7246556258755411968_n.jpg,[]
923870_899546173411289_143779046_n.jpg,"['orange', 'person', 'person']"
16110350_1826912104188780_3671927219644530688_n.jpg,"['person', 'motorcycle']"
11352104_1600996580157679_1617910372_n.jpg,"['person', 'person', 'person', 'bottle']"
10311185_863381813723011_1676190999_n.jpg,"['person', 'person', 'person']"
17662476_937781639692161_8230057066065035264_n.jpg,['person']
49627649_129891264711951_6546315958447713257_n.jpg,"['person', 'person']"
46635535_1017500068449786_5968088711886053108_n.jpg,"['kite', 'person']"
10818073_1500774226856473_1858227017_n.jpg,['person']
10474935_889860524361035_561772686_n.jpg,"['person', 'person', 'person', 'handbag']"
11909171_517048511781992_1035132941_n.jpg,"['person', 'person', 'person', 'person', 'person', 'person', 'person', 'person', 'person', 'person', 'person', 'person', 'person', 'person', 'person']"
11950644_528779080618866_493929995_n.jpg,"['person', 'person', 'person']"
12120470_1473737679601130_1059733118_n.jpg,[]
11085053_635802446563323_641041438_n.jpg,['person']
11248889_878977138844388_1413787689_n.jpg,[]
21373359_422100168185192_1683345988523130880_n.jpg,[]
51799806_493272287866034_8606285210581149301_n.jpg,['person']
19622762_323645431406519_5664387042457419776_n.jpg,[]
40424673_228002851403140_2284633782101213184_n.jpg,['tv']
13381415_1600699370258974_1222244074_n.jpg,['person']
22069116_1770141743285477_5827900957131800576_n.jpg,"['person', 'person']"
925517_890208637662022_195990450_n.jpg,"['person', 'person', 'person', 'person', 'person']"
17076310_391544271238333_5362947644710715392_n.jpg,"['person', 'person', 'person', 'person', 'person', 'person', 'person', 'person']"
11372512_949920775049109_724273265_n.jpg,"['person', 'cat']"
35487335_186656065517325_123329968724770816_n.jpg,"['person', 'person']"
12543217_324908714346327_917362937_n.jpg,['person']
28754700_2065669647023769_3087662404390092800_n.jpg,['person']
20214696_1845396442444878_6777421864391147520_n.jpg,['cat']
49801274_1219062291601004_9196364698077806122_n.jpg,['person']
13737079_739484239487468_755085084_n.jpg,"['person', 'person']"
11352365_730425310397282_1980722952_n.jpg,['person']
15338337_229262857498079_885362316424511488_n.jpg,['person']
16908330_641785749340944_4926249101063880704_n.jpg,"['person', 'person']"
11272459_473307772844753_1489527667_n.jpg,['tv']
929229_729385397096504_40262208_n.jpg,[]
11243656_1016087998416290_945326170_n.jpg,['person']
54511350_151585252548383_5452051300683063011_n.jpg,"['airplane', 'person', 'person', 'person', 'person']"
19121137_893885987431938_2789731505297948672_n.jpg,"['person', 'person']"
57064329_828683510798650_6073396274350715687_n.jpg,['person']
31738566_2085993074948842_7474291367707934720_n.jpg,[]
16908374_730661457101580_3166899620378836992_n.jpg,[]
11252605_1490249014610138_1111281642_n.jpg,"['person', 'person', 'tie']"
16230281_1119722921490247_1731475989042561024_n.jpg,"['person', 'person']"
12530752_439569266240490_913266929_n.jpg,[]
11380982_1668578073371152_36533158_n.jpg,[]
44428599_338250823647367_3234510962027915675_n.jpg,['person']
50537852_171011610542918_6295599044678817471_n.jpg,['person']
12093431_965584423507934_1313248786_n.jpg,['cup']
14718011_181422072265265_4431740941857980416_n.jpg,['person']
14719594_1589266991380342_499987102956519424_n.jpg,"['potted plant', 'person']"
12135307_1506636972986774_1228555761_n.jpg,"['person', 'person', 'person']"
46900563_371837216907567_3012071609243427971_n.jpg,['person']
11330762_1635445676669293_1640893775_n.jpg,['person']
30080075_1618347894928312_9037572365810139136_n.jpg,[]
14564952_944098545734904_4296952614567804928_n.jpg,"['person', 'person', 'person', 'person', 'person', 'person']"
12816961_1734013833546212_647027415_n.jpg,"['person', 'person', 'person']"
20065354_250952622068790_1196265404025012224_n.jpg,"['potted plant', 'person', 'potted plant']"
51185871_149064526015293_3902394422492988907_n.jpg,['person']
25006914_2006388782965525_3320985862795165696_n.jpg,"['person', 'person']"
49748624_2454073764665812_3928631748199274218_n.jpg,"['person', 'couch']"
1661645_949691728375999_759709406_n.jpg,"['person', 'chair']"
14287982_293504011032316_930769361_n.jpg,"['person', 'person', 'person']"
14677408_320398531678748_4318075383988617216_n.jpg,"['kite', 'person', 'person', 'person', 'person', 'person']"
21910965_174774243094967_7886435810956804096_n.jpg,"['person', 'person', 'person', 'person', 'person']"
49686669_2147320152199489_3734679765918988895_n.jpg,"['person', 'book', 'book', 'book']"
22709568_180580692493870_8799215021050560512_n.jpg,"['person', 'person', 'couch', 'couch', 'clock']"
21435678_342423966197153_71779378941394944_n.jpg,"['person', 'tie']"
13736828_1552292778412675_1863385283_n.jpg,"['person', 'person', 'person', 'person']"
11236212_1582719132009601_357976372_n.jpg,[]
22429898_351408928620746_1730855714160640000_n.jpg,"['person', 'person', 'person', 'person', 'person', 'person', 'person']"
26864195_183640192235817_6185250473906274304_n.jpg,"['person', 'person']"
11203262_448465065319177_1429087330_n.jpg,['person']
12142342_1646994822256395_990464910_n.jpg,"['person', 'person']"
16229510_1735867523391002_8682539189322907648_n.jpg,"['person', 'person']"
16788733_1910889329144683_8918691824290234368_n.jpg,"['person', 'person', 'person', 'person', 'person', 'person']"
13694709_291002767924040_99962369_n.jpg,['person']
21576572_130372094256096_3592170621850615808_n.jpg,"['person', 'person']"
52051215_393739254750192_538582212311073511_n.jpg,"['person', 'person', 'person']"
36741603_406217799870996_2843266872483250176_n.jpg,"['person', 'person', 'person', 'person']"
13658790_1731636513752873_1076342341_n.jpg,"['person', 'person', 'person', 'person', 'person', 'person', 'person', 'tie']"
12976395_1600858560232114_477067285_n.jpg,['person']
14031599_1734714066783883_1863023247_n.jpg,"['person', 'car', 'car']"
11085155_798674000180410_1805538976_n.jpg,"['person', 'tv', 'laptop']"
10903532_733333903449430_778060420_n.jpg,"['person', 'person', 'person', 'person', 'person']"
15538265_175003342971951_1807991217967857664_n.jpg,[]
52860671_357916058146466_2519275098362140821_n.jpg,"['person', 'person', 'person', 'person', 'person', 'person']"
18443209_1437915832920980_2830377533894033408_n.jpg,['person']
17265738_111898456009414_3340255066064945152_n.jpg,[]
10986399_1572486246296637_1311635121_n.jpg,['person']
26152433_917890928420153_540666469088755712_n.jpg,[]
52467472_220618965455007_42936578590668622_n.jpg,"['potted plant', 'laptop']"
15877283_1810558895823503_7143526818027405312_n.jpg,['person']
11264266_386611988191976_1548474905_n.jpg,"['person', 'person', 'person', 'cup']"
10986198_1083685908324383_719907916_n.jpg,"['person', 'person']"
24845247_138993626747862_3491080599374921728_n.jpg,['person']
12145390_1525301991105133_1422393752_n.jpg,['person']
13731121_533102086891617_1263639380_n.jpg,['bowl']
17076380_1012962605502291_612643347806289920_n.jpg,"['person', 'person', 'car', 'person', 'car', 'person', 'person', 'person', 'bicycle']"
55872715_386828002168769_5958953335350188970_n.jpg,['person']
26334552_162206197745757_8993206225520820224_n.jpg,"['person', 'dog']"
11370966_152397431768486_1807999522_n.jpg,"['person', 'person', 'person']"
13266890_1636099136715621_741541421_n.jpg,"['person', 'person']"
10513770_259910154212240_241528360_n.jpg,['person']
53539955_2243629175854035_6615714782700747126_n.jpg,['person']
11379775_1070304126332368_1159424299_n.jpg,[]
12328177_514642085372451_1278237368_n.jpg,"['person', 'person']"
11245641_1629865337249148_1392278469_n.jpg,['cat']
12751322_1043690362357765_162120328_n.jpg,"['person', 'person']"
21569237_834967656676410_513732759240310784_n.jpg,['person']
16908430_157190634792197_7757002882682978304_n.jpg,"['person', 'person']"
55914427_2332072133674597_8566208416028804217_n.jpg,['person']
53881803_264305121165896_2644067352816906827_n.jpg,"['person', 'person', 'person', 'person', 'person']"
16585025_1680107492288792_8069441064609513472_n.jpg,"['person', 'person', 'chair', 'chair']"
11358270_363648757173398_939411625_n.jpg,['person']
11427301_1617705345152932_928410715_n.jpg,['person']
14718461_977802198995104_7158736663022141440_n.jpg,"['person', 'person', 'bicycle', 'bicycle']"
1208359_357772511028091_1787627863_n.jpg,"['person', 'person', 'person']"
17125981_1304802529587602_7610755088725835776_n.jpg,"['person', 'person']"
11875275_191575261174513_344782094_n.jpg,['person']
11417263_1466348913676051_871034412_n.jpg,[]
20066500_1799460427031965_6925013424766189568_n.jpg,"['person', 'person']"
40617812_247148626001073_3679096974577864634_n.jpg,"['person', 'person', 'person', 'cup', 'cup', 'bottle']"
47070993_1971498049593137_6987685050590818111_n.jpg,['person']
11376696_1616735138568493_2107494497_n.jpg,['person']
15275517_1321974087836367_1817369274763706368_n.jpg,"['person', 'person', 'person']"
51142225_379181192880020_7533177633524821885_n.jpg,['person']
11259701_827121570713528_1532814977_n.jpg,['book']
15275560_1641098006190368_3637684308681949184_n.jpg,[]
23164151_2002862706664141_4555119448008163328_n.jpg,['person']
31218671_225371401529902_4385533931340955648_n.jpg,"['person', 'person', 'person', 'person']"
25011170_378295415926825_1008461808614244352_n.jpg,['person']
53160630_2247607612172471_2136775032818775220_n.jpg,['person']
50874101_354713598592510_1942722855238158287_n.jpg,['person']
1538373_1440996666118446_588533670_n.jpg,"['person', 'person', 'person']"
11311651_663537627114782_35560864_n.jpg,"['person', 'person']"
13473339_531802523694055_883747828_n.jpg,[]
10808983_1496476987297164_47725789_n.jpg,['person']
15623897_201014273638061_3448723026311380992_n.jpg,"['person', 'person', 'person', 'bottle', 'wine glass']"
19955028_130056447591801_5129951471403532288_n.jpg,['tv']
11352080_845088575567575_1147589017_n.jpg,[]
928254_657125694336367_1132275612_n.jpg,[]
10956801_383177021873332_429597595_n.jpg,[]
917129_725735844155563_1557703830_n.jpg,[]
14624342_262158194187015_2443133485666271232_n.jpg,['person']
13408794_1804846183080054_1555558487_n.jpg,['bottle']
12142674_554124448078435_1033675738_n.jpg,[]
53765087_183330492633610_8478618463847055176_n.jpg,"['person', 'person', 'person', 'person', 'person', 'person', 'person', 'person', 'person', 'person', 'person']"
45390554_215719952658255_1886734034171896595_n.jpg,"['cat', 'cup', 'cup']"
51712102_625314837912673_3297301435884991085_n.jpg,['person']
25017047_713576055515497_3286545705459515392_n.jpg,"['person', 'cup']"
11232884_447921902043137_1279951315_n.jpg,['person']
43706241_701577813574803_6350726952959046868_n.jpg,"['person', 'person']"
54247982_632721627149042_2363645315052967081_n.jpg,"['person', 'person', 'person', 'person', 'person', 'person', 'person', 'person']"
56440312_346103019585843_7484552045893883731_n.jpg,"['person', 'car', 'car']"
10848355_771605199577245_1901050627_n.jpg,"['person', 'person']"
17881002_367358153665332_5659804909353041920_n.jpg,"['person', 'cat']"
12783508_1508943852747366_1573822284_n.jpg,['person']
11176371_1413119312339776_1518478015_n.jpg,"['person', 'person']"
13099090_460840990793910_1054442174_n.jpg,['person']
12501496_1957491151143454_2055485539_n.jpg,"['person', 'person']"
11333665_1517222788516970_2049877079_n.jpg,"['cake', 'wine glass', 'wine glass']"
31752509_238053760278568_4201662700612222976_n.jpg,['person']
17077186_259600327826447_4428064540046917632_n.jpg,['person']
16465066_1585698558124855_1608038689085063168_n.jpg,"['person', 'person']"
12135221_996864133709996_197737421_n.jpg,"['person', 'person', 'chair']"
20181124_130534684212834_4493156045023084544_n.jpg,"['person', 'person', 'person', 'person', 'person', 'person', 'cell phone', 'cup']"
42496456_2182005528536887_743051518225033089_n.jpg,"['person', 'person']"
47586289_133995767615167_2497670801924063686_n.jpg,"['truck', 'person']"
10499095_325378467619925_1121303127_n.jpg,"['refrigerator', 'person', 'person', 'person', 'person']"
56994173_2268438136703864_5389721544115412345_n.jpg,['person']
16908386_262120000877834_678972005227167744_n.jpg,"['person', 'person']"
43915391_661498320918419_2286548976064633879_n.jpg,['person']
19985339_1419157658163882_18227523376644096_n.jpg,"['person', 'couch']"
12747767_1663058033949228_1954211315_n.jpg,"['person', 'person']"
15624490_567303066792904_2329802780627173376_n.jpg,"['person', 'person']"
23421397_174604096454115_7471461727289212928_n.jpg,[]
