11176210_859954387410261_1985799031_n.jpg,"['person', 'person']"
23421155_325907524543476_3735144920583766016_n.jpg,"['person', 'person', 'bottle']"
11378391_944585778918991_1917638315_n.jpg,['person']
47586205_2261195664123134_5969231701740536350_n.jpg,"['person', 'chair']"
11374002_1615738015368989_1991728466_n.jpg,"['dog', 'bed']"
13298032_492428684281391_1587643377_n.jpg,"['dog', 'couch']"
26868100_340709193081439_9106740417520467968_n.jpg,"['tv', 'person', 'person', 'person', 'person', 'person']"
11850367_1027305420622130_560170916_n.jpg,"['dog', 'person', 'person']"
41863396_1886803911416727_8213046552232438563_n.jpg,['person']
10362077_224306174445711_177294697_n.jpg,"['bird', 'person', 'bird', 'bird', 'bench', 'bench']"
25025389_183599632385515_8686203436376522752_n.jpg,['person']
53006843_2419515061610153_57865838088577126_n.jpg,['person']
39314906_449174282155812_4994793480573157376_n.jpg,['person']
28752719_175468599742313_5048040359100153856_n.jpg,"['dog', 'dog']"
11358938_1432593413715328_496433075_n.jpg,['person']
10995258_1381273755520716_1093787198_n.jpg,['dog']
10735508_732400903514944_610578641_n.jpg,"['couch', 'dog']"
929062_276535559193444_134110235_n.jpg,"['person', 'person', 'tv', 'person', 'person']"
11084786_1557231134559744_1080397709_n.jpg,"['person', 'person', 'person']"
22344464_155729481690108_8225024837567905792_n.jpg,"['train', 'person']"
52268842_2229878900561556_3055825140039732399_n.jpg,[]
11378807_432260806953037_768035794_n.jpg,"['person', 'person', 'person', 'person']"
16464978_216450785485653_5207215467747344384_n.jpg,['clock']
11372228_435912296588597_549461031_n.jpg,[]
12912380_1051617041550484_1261559287_n.jpg,"['person', 'person']"
17932187_1891693874419178_1357649684935475200_n.jpg,['person']
916481_694882087219712_1308997221_n.jpg,['dog']
11287528_1448967935402430_1523460010_n.jpg,"['person', 'person', 'person']"
10369317_1449785921927536_419911585_n.jpg,['person']
29416879_1482701571840610_7660927414913990656_n.jpg,['person']
42860744_120392845621222_3395532072073604504_n.jpg,"['person', 'person']"
14369098_1774802619460605_8228159601053270016_n.jpg,"['person', 'dog', 'dog']"
27893286_151869132143787_4920711586844246016_n.jpg,['person']
11245907_1013060188712215_1701157276_n.jpg,"['person', 'person', 'person', 'person', 'person', 'person', 'person', 'person', 'person']"
11246640_1655240534688315_2086151503_n.jpg,"['person', 'person', 'person']"
16906460_1861292900821761_6355168008725331968_n.jpg,['person']
24125200_340408106427612_3771378424333991936_n.jpg,"['person', 'person', 'person', 'person', 'person', 'person', 'person', 'person', 'person', 'person', 'person', 'person', 'person', 'person', 'person', 'person']"
1172906_244115775741059_1622836_n.jpg,"['dog', 'bed']"
11312268_847720345322832_309535739_n.jpg,['person']
11378181_1400459526951072_1945758051_n.jpg,"['boat', 'person']"
30078042_627649234235539_8972706131868647424_n.jpg,['stop sign']
36113598_2046264892082042_1973273701390483456_n.jpg,"['person', 'person', 'person', 'handbag']"
12328395_1784851715077003_597013594_n.jpg,"['person', 'person']"
11355738_1420475424942597_406325080_n.jpg,[]
15624740_1786457544963788_4716866550575923200_n.jpg,['person']
29714913_157208814952742_2497004324157128704_n.jpg,['person']
1940976_1409650789290908_863238825_n.jpg,['dog']
18513882_290690464719799_2234078800096788480_n.jpg,"['person', 'person', 'person', 'person']"
10413842_1512876895611093_2042582863_n.jpg,[]
49844031_2778231025550281_4678973455825230016_n.jpg,"['person', 'person']"
15624298_647511068766596_6368640887341187072_n.jpg,"['person', 'person', 'person', 'chair', 'dining table']"
51359120_2204399519604045_1183326149913180051_n.jpg,"['bed', 'person']"
12716889_189546968077614_686149927_n.jpg,"['person', 'person']"
17586862_1277792472275552_3233260790702145536_n.jpg,['dog']
33817709_988971891279225_3207016380155035648_n.jpg,"['person', 'potted plant', 'dining table', 'vase', 'cup']"
1742795_1444737589089832_1794620089_n.jpg,[]
10246046_1420409534895716_1348497299_n.jpg,['person']
1516881_1390136524580233_576180509_n.jpg,['person']
11311950_1598776577039175_749384079_n.jpg,[]
17332368_797467807067934_7057937757724737536_n.jpg,"['person', 'person', 'person', 'person']"
30830634_978596372290045_5862855191988011008_n.jpg,['dog']
30077828_164543480920493_4805860536396808192_n.jpg,['person']
19122054_229774837534008_733780520978087936_n.jpg,"['person', 'person', 'person']"
20902582_164651420762378_5004783875151364096_n.jpg,"['person', 'person']"
10683918_356577467835733_1539014904_n.jpg,['person']
21984592_740831639433287_127305545072771072_n.jpg,"['person', 'person', 'person', 'person', 'person', 'person', 'person', 'handbag']"
11419157_856957047691179_484177204_n.jpg,[]
18444307_310567366045211_2252609075718127616_n.jpg,"['bed', 'person', 'person', 'person', 'bottle']"
41497894_237439870452988_3298933399294920600_n.jpg,[]
10608037_706882729394242_421387434_n.jpg,"['person', 'backpack', 'person']"
11380209_968804839809808_1363879401_n.jpg,"['person', 'person', 'person', 'person', 'person', 'person', 'person']"
1662964_448750308603935_1510227077_n.jpg,"['person', 'person', 'person', 'person']"
14052635_569339713251057_2083014857_n.jpg,['dog']
11375879_1634747096739721_1919871544_n.jpg,['cat']
30592092_425921317845548_4376625507744088064_n.jpg,['person']
10607895_279419598923904_340097255_n.jpg,"['person', 'person', 'person', 'person']"
15251733_212341099214465_6478738263690444800_n.jpg,[]
11379083_513988402086566_1530712295_n.jpg,['person']
13671264_156307014789922_1481971040_n.jpg,[]
12346198_1497217147252558_1445273610_n.jpg,"['dog', 'person', 'dog', 'person']"
11333748_659243487510222_1748787491_n.jpg,[]
15259070_354854211547895_37416767240273920_n.jpg,['person']
12822575_251591335178570_2132774084_n.jpg,"['person', 'person']"
11324478_1586413341623749_832401517_n.jpg,"['person', 'person', 'person']"
29094591_159531708045612_4777684971114463232_n.jpg,"['person', 'person', 'person', 'person', 'bottle', 'bottle', 'bottle']"
11355012_874509562619756_1229565567_n.jpg,"['person', 'person', 'person', 'tie']"
925123_351659008305258_1013818946_n.jpg,[]
1172501_552984141456418_687870678_n.jpg,['person']
27880672_405240959922591_7173276158111252480_n.jpg,"['person', 'person']"
22802607_160146587918264_5984271550918950912_n.jpg,"['person', 'dog']"
16124298_154993761670061_1860311117998325760_n.jpg,[]
19955007_1435052516574663_4790216178150670336_n.jpg,"['dog', 'bed', 'dog']"
29418122_439365256513630_5323049833777332224_n.jpg,['cat']
35362662_464663610635853_5868583497244868608_n.jpg,"['bed', 'person']"
11356972_762526373862335_1698445257_n.jpg,['cup']
38876758_701096413557442_1086738352088023040_n.jpg,"['person', 'tv', 'tie']"
25011348_138879440147811_794114001054203904_n.jpg,[]
11376213_1594931607449553_890416192_n.jpg,['suitcase']
11357737_1431320490524154_120520695_n.jpg,"['person', 'dog']"
17882481_1282974458486187_1053923620830576640_n.jpg,"['couch', 'dog']"
11296775_1610769449187905_232999471_n.jpg,['dog']
43913427_323789848204990_5147178343679742582_n.jpg,"['dog', 'spoon', 'bowl', 'bowl', 'cup']"
53309133_2391815541048978_3708328543625124450_n.jpg,['person']
11378638_1419560445035545_2056718570_n.jpg,['person']
18812222_1883484671863327_436779044218863616_n.jpg,"['person', 'person', 'truck', 'truck', 'person', 'person', 'person', 'person', 'person', 'person', 'person', 'person', 'person', 'person', 'person', 'person', 'person', 'person', 'person']"
1389416_539088202891488_1178601527_n.jpg,['cat']
44281224_317122085776133_6481157920199556019_n.jpg,"['person', 'person']"
44254759_516623615473167_3641798400096975425_n.jpg,['person']
36650519_1778758185549467_4024878539584045056_n.jpg,"['car', 'car', 'car']"
41489981_2135886423327320_6009243046908114210_n.jpg,"['person', 'person']"
1389243_1445745128986220_1203241554_n.jpg,"['person', 'person', 'person']"
32759623_212561366212264_1812453796362584064_n.jpg,"['person', 'person', 'person']"
29739338_775387922660711_8130504826564902912_n.jpg,"['car', 'person']"
12530864_1673980532867444_1478847457_n.jpg,"['person', 'motorcycle', 'car', 'car']"
12277366_446010675594688_553528946_n.jpg,[]
11417299_124577604540210_108185211_n.jpg,['dog']
43029474_113263766275834_176904965024640925_n.jpg,"['person', 'person']"
40802425_174384323441745_980221960834159605_n.jpg,[]
10611222_616449191804731_913466321_n.jpg,['dog']
10731855_1508524749400691_1501485120_n.jpg,"['wine glass', 'dining table', 'cup', 'wine glass']"
11382595_673691512761700_865690501_n.jpg,"['dog', 'person']"
11312189_952082464813133_1250835138_n.jpg,[]
18095235_1157852791007413_1444218779465678848_n.jpg,['person']
10666127_1472143686371840_647810558_n.jpg,['person']
55798319_1211428785687157_3778417538350237350_n.jpg,"['person', 'dog']"
27880806_148387752515451_3585783464315584512_n.jpg,['dog']
15275549_214573605665296_1380152573377380352_n.jpg,['person']
12424813_983313005092747_2018198604_n.jpg,['person']
11352055_556646087810082_1864688025_n.jpg,"['chair', 'dog', 'chair']"
23823471_496587524031259_408809869294960640_n.jpg,['person']
11246935_1588799984733690_332583555_n.jpg,['person']
23824087_316294855445244_8537593741119062016_n.jpg,['person']
15251822_1872018756353111_6406653147502084096_n.jpg,"['person', 'person']"
13256710_666997450104674_1694834509_n.jpg,['car']
17881354_1474636219224872_4977668075869437952_n.jpg,[]
18722191_450160262010429_2169369113418268672_n.jpg,"['person', 'person', 'person']"
55818892_130257804753869_6031043946007064323_n.jpg,[]
11419051_106814536323034_203110628_n.jpg,"['person', 'person', 'person', 'person', 'person', 'person', 'person', 'person', 'person', 'person']"
14727571_1092935514159669_7507489162803544064_n.jpg,"['person', 'person', 'person', 'person', 'person']"
1208254_225638140935475_1242243218_n.jpg,[]
39952597_1731432580259391_3739143668280328192_n.jpg,['person']
44439655_1932053610242046_6845658239453953748_n.jpg,"['person', 'person']"
11333437_389824967888156_196636771_n.jpg,[]
11269535_885172498220179_341650311_n.jpg,"['car', 'car', 'car']"
13745013_1105394472839647_1795054843_n.jpg,"['person', 'bottle']"
39546709_239699526747277_2398878301562077184_n.jpg,['person']
10508093_250078298519323_172759625_n.jpg,"['person', 'chair']"
1738884_238735116305446_1412558148_n.jpg,['dog']
16463983_1187190901393678_5757432496698425344_n.jpg,"['bed', 'dog']"
11378948_389541564576841_2012821877_n.jpg,"['couch', 'dog']"
17333031_1316927025059812_8130841676554960896_n.jpg,['dog']
41518322_746256035707262_4093718588678687177_n.jpg,"['person', 'person']"
21041183_112373999442660_8270151612270379008_n.jpg,['cat']
15624417_742961929212639_7069627748171382784_n.jpg,[]
11355302_480385882117083_1015603816_n.jpg,[]
12269952_1060211830677692_1610482350_n.jpg,"['person', 'bottle']"
36160000_198336747537254_6525473452105662464_n.jpg,"['person', 'dining table', 'vase', 'vase', 'book']"
18721996_225714881251830_8967021850026573824_n.jpg,"['person', 'person', 'person', 'person', 'person', 'person', 'person', 'person', 'person', 'person', 'person']"
32080014_1726741067363712_1756445691950923776_n.jpg,"['person', 'person']"
1921882_321449281360888_270931959_n.jpg,[]
12479103_1282599878435625_973355546_n.jpg,[]
14574128_351786145184958_2671078442425909248_n.jpg,"['person', 'dog', 'bed']"
16583801_894354464000727_6469283631922675712_n.jpg,[]
12237450_879031505507606_308013007_n.jpg,[]
32884342_2080510148938542_258226151233683456_n.jpg,['person']
10598412_676359905786031_2069446800_n.jpg,"['person', 'person', 'person', 'person', 'person', 'person', 'tie', 'tie']"
52283990_315296335997083_2057693618594689686_n.jpg,['cup']
16465850_1915237468762423_803815486067310592_n.jpg,['person']
10654927_452959471510412_147306118_n.jpg,[]
10387852_156439178077753_504885609_n.jpg,['dog']
12501552_1714966955437801_1287280155_n.jpg,[]
28753334_580112202349559_7669154880036012032_n.jpg,['person']
10724830_296671187198013_1314373664_n.jpg,[]
28765236_1348884558589750_7192995302154960896_n.jpg,['person']
42003966_276524942968638_7097279767780827764_n.jpg,"['dog', 'person', 'bottle']"
1169832_282896458525686_1718964575_n.jpg,"['person', 'person', 'person', 'person', 'person', 'person', 'person', 'person', 'person', 'person', 'person', 'person', 'person', 'person']"
50088356_124506828597697_5934665806814798326_n.jpg,['person']
927844_588930931185963_669296903_n.jpg,"['person', 'person', 'dog']"
22857812_1795068207458270_367514115226206208_n.jpg,['person']
10249225_1701472960124309_811376455_n.jpg,[]
10727749_1378810429076762_824610657_n.jpg,"['couch', 'dog']"
11312294_700640843375652_1386654566_n.jpg,[]
26866673_2075392446078407_8398025905502420992_n.jpg,"['person', 'person']"
14482243_1165667160138879_5575613293969539072_n.jpg,['dog']
1170101_173375076199620_1154917489_n.jpg,['person']
50626717_983898311808737_6601892756295630895_n.jpg,"['person', 'person', 'dog']"
26154479_159291594794971_6416693183312297984_n.jpg,"['dog', 'dog']"
10808816_825422740830659_579956744_n.jpg,"['person', 'person', 'person', 'person', 'person']"
23164217_196218314256267_4319306931501006848_n.jpg,"['person', 'person', 'person', 'person', 'person', 'person', 'person']"
11378867_829447337141330_1913261070_n.jpg,"['cup', 'cup']"
22158670_1939408166380793_3562777944440963072_n.jpg,[]
12501635_1666639223601964_1036517485_n.jpg,['dog']
11417460_1674877069411682_176126436_n.jpg,"['dog', 'person']"
1739616_423961294404529_715850709_n.jpg,"['dining table', 'cup', 'dog']"
21147873_1847000705629268_3000664727958323200_n.jpg,[]
10449058_1509580832599096_710665279_n.jpg,"['truck', 'person', 'person', 'person', 'person', 'car']"
54513441_2045258492250128_3063983897932217946_n.jpg,[]
12224280_144352032592362_2020857732_n.jpg,"['dining table', 'cup', 'cup', 'cup']"
16465370_1850997158476896_8183239929673809920_n.jpg,"['person', 'person', 'handbag', 'fire hydrant']"
10387934_547799591999609_1645966568_n.jpg,['person']
41778398_287043852137242_6679424867318526826_n.jpg,"['person', 'person']"
52130344_413318522576207_8022878485522498045_n.jpg,[]
10723727_892641957420763_968643283_n.jpg,"['person', 'person']"
28428644_1609893535774093_248097789421027328_n.jpg,['dog']
10899017_1453410341548046_94605598_n.jpg,"['dog', 'dog', 'dog']"
18096140_1953834881502999_7540469078503194624_n.jpg,['dog']
15801969_352506391787595_4800078509689012224_n.jpg,"['person', 'dog']"
18161490_1055034021263840_3843790082590900224_n.jpg,['dog']
11378860_1490441361259047_1854947061_n.jpg,"['person', 'person', 'person']"
54511626_190036805305070_8971661922736335384_n.jpg,"['person', 'person']"
11333470_1437821406524334_300739383_n.jpg,"['person', 'person', 'person']"
15803366_392515074426228_3698981669613600768_n.jpg,"['person', 'person', 'dog', 'bottle']"
1742909_1487195981546676_1919731250_n.jpg,['dog']
49512421_341664183091724_248043238753321056_n.jpg,['person']
28151507_413252039088541_3638665455306014720_n.jpg,['dog']
43247041_939784226232315_708896002492597027_n.jpg,['dog']
18298710_137326616811226_6607249513457385472_n.jpg,['person']
10296712_560846680697565_634363808_n.jpg,[]
36159983_481978668928192_6767694536559820800_n.jpg,"['person', 'tie']"
11377687_483835948431474_496685333_n.jpg,[]
11189901_894514953903121_64657429_n.jpg,[]
43985553_466040717251630_3924240739363291178_n.jpg,"['person', 'bed']"
39178511_254154045434287_2972942101337079808_n.jpg,['bear']
18380176_1952020265032126_1663780831941885952_n.jpg,[]
1389477_660460113999114_548061034_n.jpg,"['dog', 'dog']"
10608066_1484259288489507_1413009645_n.jpg,['dog']
18949507_316679815453304_2106122026312794112_n.jpg,['person']
12558803_1508131939492951_1753262441_n.jpg,"['dog', 'person', 'dog', 'dog']"
1599321_1436219363262420_1891961042_n.jpg,[]
18513239_466613813687375_2873073911157751808_n.jpg,"['person', 'person', 'person', 'person']"
14693739_1117915891640857_1425797419919998976_n.jpg,['dog']
51934387_304377100223933_3460514612766190206_n.jpg,[]
13694612_1037878982914574_1321674318_n.jpg,['dog']
11374617_831001930324732_1044918856_n.jpg,['dog']
10864840_877701695594302_1196366485_n.jpg,[]
23280107_1940571649517404_8654247960571281408_n.jpg,['person']
10254182_527904397315048_1875063050_n.jpg,"['person', 'horse']"
11356448_1631648403717738_878131677_n.jpg,[]
47691433_752615101797859_4574802214960942942_n.jpg,"['person', 'person', 'person']"
10809823_605024332935812_385678321_n.jpg,"['cat', 'dog']"
10963934_867382973324137_375274387_n.jpg,['person']
11355231_1008829889135733_1446692475_n.jpg,"['person', 'person']"
26865131_738424436346128_5015572266063233024_n.jpg,[]
928678_295532867312068_1641570450_n.jpg,['cat']
15403442_1043716555756017_4222203098237501440_n.jpg,['person']
10932380_1550465098557014_771550605_n.jpg,['dog']
30079400_1843064045998483_2372592049443569664_n.jpg,"['person', 'chair', 'dog', 'person', 'dining table', 'chair', 'chair', 'spoon', 'bowl', 'cup']"
26282551_1458511770928155_8324867094734700544_n.jpg,"['person', 'person', 'person']"
50705085_281815839153871_2361688458824855094_n.jpg,[]
18645016_683680991827802_4898862392424792064_n.jpg,"['person', 'person']"
929035_197178990490956_1457384734_n.jpg,[]
11257919_1465383177086711_622304892_n.jpg,"['person', 'person']"
33881659_2075417652723690_5281766595243278336_n.jpg,['tie']
10724815_1554885644747523_902142315_n.jpg,[]
43695414_257246004982624_2130022798344354535_n.jpg,"['person', 'person', 'tie', 'person', 'backpack', 'person']"
49913275_982412138619307_4556591518574546489_n.jpg,[]
22280183_466353370411402_2420350238939152384_n.jpg,[]
11358229_1668262473393238_1560591376_n.jpg,['bottle']
11378352_668033043331865_206634255_n.jpg,['person']
1516338_1473936919502474_13697592_n.jpg,"['person', 'person', 'person', 'person', 'person', 'person']"
11201681_828877820528246_328998534_n.jpg,['person']
12139710_420516184823856_991160894_n.jpg,"['person', 'person', 'person', 'person']"
15802675_1827990744089221_4190734641658855424_n.jpg,['dog']
25017291_1888950877799739_8996749990151847936_n.jpg,"['person', 'person']"
11410457_666363890130477_1458644531_n.jpg,"['car', 'car', 'dog', 'car', 'car']"
11348085_516111085202924_1118667878_n.jpg,[]
11356900_755102314635267_2002759718_n.jpg,"['person', 'person']"
37996317_1878113342270454_2584985556689616896_n.jpg,"['person', 'person', 'person', 'person', 'person', 'person', 'person', 'person']"
12354044_1644503302478968_693065964_n.jpg,['dog']
11379015_1449936988653849_1023060108_n.jpg,"['dog', 'tie']"
22582184_1999076813681158_2811590556667346944_n.jpg,[]
54511812_640905903028399_4516380831455517214_n.jpg,[]
11326422_695646777230945_881114347_n.jpg,['dog']
26066579_321013578393286_8763609780821426176_n.jpg,"['person', 'person']"
43060685_342658999827626_2493572620801195102_n.jpg,[]
11375384_1605851589696946_596506148_n.jpg,"['person', 'person', 'person', 'person']"
1922356_1441330559434970_703671227_n.jpg,['car']
41523357_1105981566241752_4562210725622589018_n.jpg,['person']
22582527_143710759695360_4706802428589113344_n.jpg,['person']
10311159_220186758191171_483608483_n.jpg,['bird']
13181263_1747397612150412_1449327713_n.jpg,"['person', 'person']"
11899536_1675590196017834_614219059_n.jpg,[]
40756577_657737761292433_958434837237112239_n.jpg,['cat']
1689417_1406194656297990_1493201813_n.jpg,['dog']
11377965_940889662623687_1597135138_n.jpg,[]
924894_485488511562684_2083759589_n.jpg,"['chair', 'couch', 'remote', 'remote']"
52878265_124883921907334_5829701641417762106_n.jpg,['person']
12556126_1534169400214336_435739345_n.jpg,['person']
11373616_807075279362206_1714011547_n.jpg,"['dog', 'couch']"
11377896_277080449128863_693540526_n.jpg,"['person', 'person']"
12362601_934778989931392_1760262055_n.jpg,"['person', 'person', 'person']"
12825970_697179547091852_598148860_n.jpg,"['person', 'person', 'person', 'person', 'person']"
11189647_1583873451890682_1696710695_n.jpg,[]
10817523_883694778331423_838348165_n.jpg,['bottle']
56592097_772351819815198_6321774617640920672_n.jpg,"['couch', 'person', 'dog']"
10852716_1583553418525796_1008372842_n.jpg,['dog']
10684277_108099759540346_1143493242_n.jpg,"['dog', 'dog']"
11327107_850558515021037_1495059675_n.jpg,['person']
11420783_636952859775074_1423167482_n.jpg,[]
11372281_394509384071492_1342681870_n.jpg,"['truck', 'person', 'person', 'person', 'car']"
13248902_1554167054884550_2000218936_n.jpg,"['car', 'truck', 'potted plant', 'person']"
18444542_122992184940695_6509983867301003264_n.jpg,['book']
41863726_2175063002762014_6282736336179954370_n.jpg,"['person', 'person']"
14288075_499969126858986_362310894_n.jpg,['person']
33307503_1991783650892687_5945746974174085120_n.jpg,"['person', 'person', 'person', 'person', 'person', 'person', 'person']"
39051536_2128548430740715_6209280154502430720_n.jpg,"['car', 'person']"
12135359_1636896399907154_1485265946_n.jpg,[]
17333369_338912019839226_3452361018229915648_n.jpg,"['person', 'person', 'chair']"
51364680_242197753353635_1407878962625180515_n.jpg,['person']
10005451_513622462079941_592967192_n.jpg,"['tie', 'person']"
923608_1429111504012991_305093893_n.jpg,"['person', 'dog']"
10499108_760040327374237_1589032993_n.jpg,[]
26870163_1582240171867900_5076139748842536960_n.jpg,['person']
16789836_285378265214102_6408777330952503296_n.jpg,['dog']
10467896_1438763703066790_552004259_n.jpg,[]
16123917_155002034996362_7717993451375034368_n.jpg,['person']
27892685_360223967788254_4273642663116275712_n.jpg,['person']
11325135_1488118841479770_254662014_n.jpg,[]
914715_293802404116935_918615707_n.jpg,"['person', 'person', 'person', 'person', 'person', 'dog']"
55866960_2389786801045353_5292221046455748089_n.jpg,"['person', 'dog', 'dog']"
11410440_964326283598082_1202652123_n.jpg,[]
12568140_1554110824906656_1517278744_n.jpg,"['dog', 'dog']"
31747391_217172132205604_4079621097522200576_n.jpg,"['person', 'person', 'person', 'person', 'couch', 'person', 'person', 'dining table', 'person', 'cup', 'cup', 'wine glass', 'cup']"
11351512_1084439551580567_1792972602_n.jpg,['person']
41594470_1965438723499895_5520903547301438625_n.jpg,"['person', 'person', 'person', 'tie']"
11380990_844820898943962_280107237_n.jpg,['bird']
31280445_876554222523775_6891801928724905984_n.jpg,"['person', 'person', 'person', 'person', 'person', 'person', 'person', 'person', 'person', 'person', 'handbag', 'person']"
41052387_1825795767533677_5283821769344292257_n.jpg,"['person', 'person', 'dining table', 'person', 'wine glass', 'bowl']"
12301280_1498012990500809_571779368_n.jpg,[]
14262764_1418108061538558_25702012_n.jpg,['bird']
11379090_1008104999281207_960988195_n.jpg,[]
22709542_141753646571723_204363992871731200_n.jpg,['person']
26343727_1265875813557832_2818067530558472192_n.jpg,"['dog', 'bed', 'teddy bear']"
56197364_2298105753808739_2517613076033450095_n.jpg,[]
26866095_1558385607544630_2761194308064247808_n.jpg,"['dog', 'dog']"
15276656_546604965529015_2997335862015950848_n.jpg,"['person', 'person']"
11111367_711215502324228_1374665479_n.jpg,[]
41772931_2206654999657485_1256026731193264114_n.jpg,"['person', 'handbag']"
25016908_1472738339505863_8622352051667468288_n.jpg,['person']
1389182_1484941871732034_1276355696_n.jpg,['cat']
29089671_183118645745938_9005775103715180544_n.jpg,['person']
12531083_486102948244720_729773821_n.jpg,"['person', 'refrigerator', 'person', 'person']"
11379876_1589226951350500_1602708038_n.jpg,[]
1663025_265986736897931_1567892667_n.jpg,"['person', 'dog', 'cell phone']"
11352939_842959709114311_1892304760_n.jpg,[]
31888391_164680447531887_4808137642157801472_n.jpg,"['person', 'dog']"
10860100_388070778033449_1600826138_n.jpg,"['person', 'person', 'sports ball']"
18161539_300590353713243_2942557582834794496_n.jpg,"['person', 'potted plant']"
20838697_1422528634532516_2586259654443008000_n.jpg,['person']
28151773_437870719964265_2342125372511879168_n.jpg,['person']
27879866_2023552981267540_2905231095807082496_n.jpg,"['car', 'person', 'car', 'person', 'car']"
11385584_1454910928155467_189226276_n.jpg,[]
1741067_497919010325264_1118711662_n.jpg,"['person', 'person', 'person', 'person', 'tie']"
14659370_1180615195307198_6875075006791942144_n.jpg,['person']
18811970_1960831690820526_2554125434983809024_n.jpg,"['person', 'person']"
13117807_481227422086514_397815209_n.jpg,[]
15535107_1818706481705306_6430424717743620096_n.jpg,['person']
36029901_1117774498363479_8523476200796979200_n.jpg,['dog']
11375749_1614070528834140_130960322_n.jpg,['traffic light']
22069326_135819210484485_7852077257999777792_n.jpg,"['person', 'person']"
47691033_618037961982287_7673586448681040901_n.jpg,"['person', 'person', 'person', 'person']"
928008_717495611630171_611597870_n.jpg,[]
38923015_2042252532508549_4631222778978498436_n.jpg,"['chair', 'person']"
36775193_1089836734531041_2026950312870281216_n.jpg,[]
11282754_1600184890249706_282090106_n.jpg,"['person', 'chair', 'bicycle', 'person', 'chair', 'bicycle', 'frisbee']"
11325381_843394279073708_515031797_n.jpg,"['traffic light', 'truck', 'person', 'person', 'person']"
13706829_234013190325392_56783663_n.jpg,[]
12142479_954691357932482_2010070757_n.jpg,"['person', 'person']"
43129917_2291204067775465_6516932759782460477_n.jpg,"['person', 'person']"
18722591_1681492275491931_5789301871294283776_n.jpg,"['person', 'person']"
11325413_1623440201202075_686615643_n.jpg,['dog']
10617145_1488092838097276_1664311256_n.jpg,"['person', 'person']"
21041759_1484625161616219_8433848617105620992_n.jpg,"['person', 'person', 'person']"
41498278_1849965031761118_307500109347118779_n.jpg,['person']
10787765_1568483680041889_1631245545_n.jpg,['dog']
11910094_431187850403635_869859926_n.jpg,"['cat', 'chair', 'bottle']"
10809888_380309022124427_1355370241_n.jpg,['dog']
15802499_1841406739432230_6849784362452385792_n.jpg,[]
12317754_554932491338389_514075067_n.jpg,[]
11410342_1623823917858810_1572946720_n.jpg,['dog']
42431978_2198334673774396_1654833169356566585_n.jpg,['person']
34051491_263933514176678_8397518498066071552_n.jpg,"['person', 'dog']"
10522190_537245896381764_2002283635_n.jpg,[]
927034_626994224045016_1052478363_n.jpg,"['person', 'person']"
32233027_1692213610861532_3582018568998354944_n.jpg,"['couch', 'person', 'dog', 'chair', 'bottle']"
21434069_346415569104465_4302256916358234112_n.jpg,"['person', 'dog', 'dog']"
11324904_981898831850350_1260701691_n.jpg,[]
927729_440824046082178_508387110_n.jpg,"['person', 'motorcycle', 'car', 'car']"
18722956_458272047839777_1500646012555886592_n.jpg,[]
10369525_327996734016157_417774593_n.jpg,"['person', 'bird']"
44509962_1123323801164867_2428720588652147822_n.jpg,"['person', 'person']"
10401588_566247560162780_404729186_n.jpg,['person']
23279995_1754151448227388_2146941361134239744_n.jpg,"['person', 'person', 'person', 'person', 'person', 'person', 'person']"
30084948_2032251700365604_1549787787111170048_n.jpg,"['couch', 'person', 'dog', 'couch', 'bowl', 'bottle', 'wine glass', 'wine glass', 'bowl']"
49907235_2156834611295364_4127965694888855108_n.jpg,"['person', 'person', 'handbag', 'bottle', 'handbag']"
11085087_729462940504781_747531096_n.jpg,['bicycle']
20184473_111915896126042_8815145814960635904_n.jpg,"['person', 'dog']"
12237224_857085397741910_738858749_n.jpg,"['person', 'person', 'tie']"
10747889_358266674343473_578445613_n.jpg,"['person', 'chair']"
11351772_1047933678553237_620097054_n.jpg,"['cake', 'cake', 'cake', 'cake', 'cake', 'cake', 'cake', 'cake', 'cake', 'cake', 'cake', 'cake', 'cake', 'cake', 'cake', 'cake', 'cake']"
1742392_415684205269955_6034408_n.jpg,['cat']
31781578_198660854281244_8186054146864971776_n.jpg,['person']
1739637_911561432267611_350720955_n.jpg,[]
12750340_552724654907736_1340104289_n.jpg,"['bird', 'person', 'person', 'person', 'person', 'person', 'bird', 'person', 'person', 'person', 'person', 'person', 'person', 'person', 'person', 'person', 'person']"
23161490_349235022206580_3774324887863164928_n.jpg,['person']
925359_341709079329891_1033701025_n.jpg,"['person', 'person', 'person', 'person']"
52717606_123109688786442_6805636688350410914_n.jpg,"['cat', 'person', 'dog', 'couch']"
28434651_177213336251835_3067804833550434304_n.jpg,['person']
14676704_186468215135652_9086678749834903552_n.jpg,[]
12292705_1509562896006836_248868183_n.jpg,"['dog', 'bed']"
23966872_148028865823538_5879261653526118400_n.jpg,['person']
11348271_474024359430696_1398343600_n.jpg,"['dog', 'car']"
33202968_1859270640805630_4632279424539033600_n.jpg,[]
20760018_161106857777638_6414942168095391744_n.jpg,[]
22158567_282559958912793_3730141786195099648_n.jpg,['person']
26872464_156148191709830_3813549647356493824_n.jpg,['person']
12930883_791621364275657_492900019_n.jpg,"['umbrella', 'person', 'person']"
1169137_213640435482748_777600363_n.jpg,['bird']
18251724_1835271026737949_8495251565513277440_n.jpg,"['person', 'person', 'person', 'person', 'tie', 'person', 'tie']"
17332345_428612184139557_3378445872311304192_n.jpg,"['cat', 'tv']"
37713447_707205646291891_5425549760872316928_n.jpg,['person']
18513270_789841281193604_5917352606077812736_n.jpg,"['person', 'person', 'person', 'person', 'person', 'person', 'person']"
1389452_1421751394725508_1270619300_n.jpg,['dog']
11917991_734583390007130_552227561_n.jpg,"['bird', 'person', 'person']"
10005251_1486068318279760_1017327466_n.jpg,['car']
18161537_410452789338413_2919744232681897984_n.jpg,['wine glass']
10632461_546872605415818_530515382_n.jpg,"['bed', 'dog']"
15034485_239130879838164_6008434134983114752_n.jpg,['person']
1169926_446605858779249_720836387_n.jpg,"['bird', 'person', 'person', 'person', 'person', 'person', 'chair', 'bird']"
10616790_772533856125899_397948130_n.jpg,"['dining table', 'bowl', 'cup', 'cup', 'cup']"
41552328_2046848768668839_6532189822119777742_n.jpg,['person']
25010399_866390563535412_1821073769955852288_n.jpg,"['person', 'person', 'cup']"
15877183_413106612361489_7834119505813962752_n.jpg,['person']
19050634_270061070128139_3502251366930186240_n.jpg,['dog']
11236132_768243473295996_1318455218_n.jpg,"['person', 'person', 'person']"
18809483_228518910982096_6798772529071652864_n.jpg,"['person', 'person', 'person']"
18580943_429811180731293_4160601335793713152_n.jpg,"['person', 'person']"
1538544_1441535086076624_62493825_n.jpg,"['person', 'person', 'person', 'person', 'person', 'person', 'person', 'person', 'car']"
31557207_2077297402517850_4925912160879509504_n.jpg,"['person', 'person']"
11358178_480540608777585_33861561_n.jpg,"['umbrella', 'potted plant', 'person', 'person', 'potted plant', 'potted plant', 'chair', 'chair', 'chair']"
15258697_1311731095543924_747018305969061888_n.jpg,"['person', 'person']"
1527730_811463022200573_994386707_n.jpg,"['person', 'person']"
1690408_288537357966197_236401421_n.jpg,[]
11015490_1607954752772808_213050599_n.jpg,"['person', 'person', 'dog']"
11363783_793090900797778_204427964_n.jpg,['dog']
19367665_1950879841863476_1926087184926900224_n.jpg,['person']
10554206_840215455989633_2028515141_n.jpg,['person']
11357600_1643908035824966_1077953925_n.jpg,"['person', 'person', 'person', 'person', 'person']"
10643794_1466971576908554_1830906251_n.jpg,"['boat', 'boat', 'person']"
25024143_143106083057714_5061456423888617472_n.jpg,['person']
21149863_117090549013582_5262963821126877184_n.jpg,['person']
22071413_1740306029604989_2216767431899086848_n.jpg,[]
31198272_172895186625519_8271980495244361728_n.jpg,[]
11092991_874303979295589_892643918_n.jpg,['dog']
12269892_1047115145340211_795304997_n.jpg,[]
12393768_1520804354885693_1988069557_n.jpg,"['chair', 'bottle']"
50058441_1466397820158671_4253554198902939345_n.jpg,['person']
11371062_1048596875206274_1711878475_n.jpg,[]
10299769_1418683591725230_630476913_n.jpg,"['person', 'chair']"
11429683_359911897551390_1669248164_n.jpg,"['person', 'chair', 'chair', 'person']"
32121713_1854952194797335_3127390980727111680_n.jpg,"['person', 'person', 'person', 'dining table', 'person', 'person', 'person', 'cup', 'cup', 'cup', 'cup', 'cup']"
10890573_1600444840186724_419116834_n.jpg,"['person', 'person', 'person', 'person', 'person', 'person', 'person', 'person', 'person', 'person', 'person', 'person', 'person', 'person']"
11376392_838685959556535_6938989_n.jpg,"['person', 'cup']"
12819086_175986129457859_2048155224_n.jpg,"['person', 'tv', 'person']"
11230341_457404767758708_1038869733_n.jpg,[]
11380916_1614097365503504_950919382_n.jpg,['dog']
18513247_790863057746613_5569901794919710720_n.jpg,['person']
32178531_205220286763073_7014825357043826688_n.jpg,['dog']
43985933_484806155365903_4205998693980345617_n.jpg,"['person', 'car']"
33721432_2094291910830949_4165960295337951232_n.jpg,"['person', 'person', 'person']"
10175234_1441737476065153_1811154162_n.jpg,"['person', 'person', 'person']"
916339_465942540188916_943458958_n.jpg,[]
11351599_403152806553299_276973785_n.jpg,"['car', 'car', 'car', 'car', 'traffic light']"
41977773_541577079640729_4123278325119889476_n.jpg,['suitcase']
12751567_146320325759356_2039716062_n.jpg,"['person', 'person', 'person', 'person']"
13649384_269521023405530_1401020454_n.jpg,"['person', 'person']"
917581_662807810444124_1286199274_n.jpg,"['person', 'person', 'person', 'person', 'person', 'handbag']"
35617813_473081133141483_6852415790130397184_n.jpg,"['potted plant', 'potted plant', 'person']"
14533469_1795892217333823_2080610646424027136_n.jpg,"['dog', 'couch', 'bed']"
50609378_1469663919832517_8681874072643338255_n.jpg,"['dog', 'dog', 'person', 'person', 'person', 'person', 'person', 'person']"
10249279_209284396081763_135403832_n.jpg,"['car', 'car', 'car']"
10890856_1580560412168037_1546452455_n.jpg,[]
31520515_1100544283418752_6733279612157034496_n.jpg,"['tv', 'person']"
20759188_1629953350356291_811562653586554880_n.jpg,"['person', 'person', 'person']"
13714075_176913822720463_323020275_n.jpg,"['umbrella', 'person']"
18513830_637936356410387_176516923868053504_n.jpg,['person']
15306630_1590039257676583_6259465734959661056_n.jpg,['person']
1170452_580758515311478_1132512849_n.jpg,['person']
15043715_1111647262275591_3962020735429378048_n.jpg,"['person', 'person', 'tie', 'tie', 'chair', 'tie']"
17125631_272948806477952_3568743658310074368_n.jpg,['person']
11373842_444948705685814_32890519_n.jpg,['person']
11356510_1645388462363417_1245161565_n.jpg,['person']
11189198_100174176984972_1166736504_n.jpg,"['person', 'person', 'person', 'person', 'person', 'person']"
11203406_771275072991447_1465117043_n.jpg,"['person', 'person', 'person', 'person', 'person', 'person']"
49933690_342654423003264_2694310366876476617_n.jpg,"['person', 'person', 'handbag']"
27880629_406086323163798_1721877394265997312_n.jpg,"['person', 'person', 'person', 'person', 'person', 'person', 'person', 'person', 'person', 'person', 'person', 'tie']"
31046650_1019240588230233_6527614939979317248_n.jpg,['person']
25005538_1374011259395254_5926296712262975488_n.jpg,"['tv', 'person', 'person', 'person', 'person', 'person', 'person']"
928296_1515875292022677_1747530168_n.jpg,['dog']
18580783_286980101743640_3701168263233798144_n.jpg,['person']
32082385_148615712660351_603144190112563200_n.jpg,"['dog', 'dog']"
18581063_1789327168045186_5854509052624633856_n.jpg,['person']
10665272_363071477181626_1080559333_n.jpg,"['person', 'person', 'person', 'person', 'person', 'person', 'person', 'person', 'person', 'person', 'person', 'person', 'person', 'person', 'person']"
11246912_952982904769421_1617820600_n.jpg,[]
10472008_578664058909657_1802102074_n.jpg,"['bird', 'car']"
11355921_838763979548089_1311265554_n.jpg,[]
12135267_1671537313062887_161967727_n.jpg,"['cup', 'wine glass', 'cup']"
18513904_253120381833067_4211431741165928448_n.jpg,['person']
10644071_693249804097959_423072367_n.jpg,[]
18580678_452850328389482_5247471526197854208_n.jpg,"['car', 'car']"
28753483_209708653096801_4190386087882915840_n.jpg,"['person', 'person', 'dining table', 'person', 'bench', 'person', 'tie', 'handbag', 'person']"
12716564_223511967993634_570229627_n.jpg,"['person', 'person', 'person', 'person', 'person', 'person', 'person']"
40708157_164224671164244_7850542609429484398_n.jpg,"['person', 'couch', 'person']"
18888698_1683351975307201_328898373505515520_n.jpg,['dog']
40588835_277181412897930_3148567817236437694_n.jpg,[]
18579961_1181349341988590_4877875279546023936_n.jpg,"['person', 'person']"
11357669_379456305596597_2059875668_n.jpg,"['dog', 'bed']"
40676064_262358737951509_6922709831105634759_n.jpg,['bed']
1209653_182791608592562_452038251_n.jpg,['dog']
26867703_1249992715144798_3500793551950708736_n.jpg,['person']
11356961_967801376583432_215761419_n.jpg,"['person', 'person', 'person', 'person', 'tie']"
12960094_889709504489749_859227318_n.jpg,"['person', 'person', 'person', 'person', 'person', 'person', 'person']"
11355950_1421385921519726_1618356514_n.jpg,['person']
11327188_1158936220798980_1729849037_n.jpg,['person']
26223592_1053922811427714_1707070228225064960_n.jpg,"['person', 'person', 'cup', 'person', 'person', 'cup']"
42935663_620171831711945_7836856375108195592_n.jpg,"['person', 'dog']"
31508533_189222465042521_3312090989820116992_n.jpg,"['person', 'person']"
13181314_198710290522353_291700223_n.jpg,['dog']
10413967_694732880587430_487546385_n.jpg,['dog']
51104311_399306220854423_3635170457308457069_n.jpg,"['person', 'person']"
51033726_2135779929839632_7502958807451828386_n.jpg,['person']
13597739_1219878014711986_438496498_n.jpg,"['person', 'person', 'person', 'person', 'person', 'person', 'person', 'person', 'person']"
11191321_888734814544761_958807399_n.jpg,[]
15623666_1781393575432997_7196394532546543616_n.jpg,['dog']
12407455_1655154288070300_967405084_n.jpg,"['person', 'person', 'person']"
11260833_380816202112734_1260490454_n.jpg,[]
33619858_395439780865939_7734901101236846592_n.jpg,"['person', 'person']"
51856876_408660233220265_302453641642345661_n.jpg,"['person', 'person']"
18011396_704186756454671_7170870933475819520_n.jpg,"['person', 'person', 'person', 'person', 'person']"
11251138_997291626950078_1897773174_n.jpg,"['person', 'handbag']"
11312007_769028273209870_642814418_n.jpg,[]
43009190_346182582615965_9163430031406819059_n.jpg,"['person', 'frisbee']"
15403337_668933673267474_8806585279419777024_n.jpg,[]
11250100_996727540367638_1622724183_n.jpg,"['person', 'person', 'person', 'person']"
10691643_1465520550381842_1561318205_n.jpg,['dog']
915488_1464288387127556_1466440559_n.jpg,"['person', 'person', 'dog', 'person', 'sports ball', 'sports ball']"
13249651_904075646369376_345312291_n.jpg,"['person', 'chair', 'dining table', 'chair', 'chair']"
40284555_273230866627191_8571804371107446784_n.jpg,"['person', 'cup', 'chair']"
1169132_628645300507557_673221499_n.jpg,[]
11186819_1588038521485023_1571947590_n.jpg,[]
44279085_1686780304759935_7028925380705680909_n.jpg,"['person', 'person', 'cup', 'bottle', 'toothbrush']"
35574420_184281782261465_1660910406513721344_n.jpg,['person']
11377503_1452040911778067_2034901915_n.jpg,"['cat', 'cat', 'bird']"
11357525_482816811894269_1742249395_n.jpg,['dog']
10724878_738126052924104_1994348208_n.jpg,[]
21479721_424670834593532_8179060161990623232_n.jpg,['person']
11377417_1658237017731232_1095813145_n.jpg,[]
10899546_1617979711759224_1699443653_n.jpg,[]
43040798_1205536409584077_1234396998792576828_n.jpg,"['person', 'person', 'person', 'person', 'person', 'person', 'person', 'handbag']"
11255432_904247926285721_416101487_n.jpg,[]
11355993_1594155590862029_35946353_n.jpg,"['person', 'person', 'person']"
12338880_966521673422506_1414847047_n.jpg,[]
45263804_2206116619606202_4143390560641249700_n.jpg,['tv']
10369351_186747795013638_803414381_n.jpg,['person']
31680644_419536158508260_7062835884457984000_n.jpg,['person']
41853707_489277334920158_3528331782847018134_n.jpg,['person']
18809447_1929057993979422_8035216600531468288_n.jpg,['person']
31060790_206138290189972_2237085839844704256_n.jpg,['person']
10471787_552542221545043_1947029211_n.jpg,"['person', 'bird', 'bird', 'cup']"
18443264_430211384009069_6445505524740915200_n.jpg,"['person', 'person']"
18579794_1308145242640294_3223417322660167680_n.jpg,['person']
26867921_1997519653843549_7362869694027530240_n.jpg,"['dog', 'person', 'person', 'person', 'person', 'person', 'person', 'person', 'person', 'person', 'person', 'person']"
37832527_268899703714117_883304438679207936_n.jpg,"['person', 'dog', 'person']"
23734022_182589238962921_244719832002461696_n.jpg,[]
11324506_1976563805902713_101345710_n.jpg,"['cup', 'cup', 'cup', 'cup', 'cup', 'cup']"
29095911_317846848739130_7663732732932915200_n.jpg,['person']
11410754_1420336121624002_990668059_n.jpg,"['car', 'car', 'dog', 'person', 'car']"
11355068_1051579831526691_368944971_n.jpg,"['person', 'dog', 'person']"
11203386_1120155038010896_1854595928_n.jpg,"['person', 'person', 'person']"
31816129_126566764878735_1785141094304972800_n.jpg,[]
20633814_1451008804983791_4250423331179724800_n.jpg,['person']
10693401_292069767660349_613353147_n.jpg,"['person', 'dog', 'car', 'car']"
914518_957618404316715_320492052_n.jpg,"['person', 'person']"
26863538_145558689463853_561583024244785152_n.jpg,"['person', 'person', 'person', 'couch']"
11328024_647296865401008_320702346_n.jpg,"['person', 'person', 'person', 'umbrella']"
13534061_738451959590961_1591144187_n.jpg,['dog']
13551553_1748474585408805_1769185900_n.jpg,"['person', 'dog']"
11334675_455618867944936_1043549888_n.jpg,['bicycle']
12070829_515374348630125_32929288_n.jpg,['dog']
1740759_1457348607821197_755861007_n.jpg,"['car', 'car']"
43143904_477559476096451_1426908441889124230_n.jpg,"['person', 'person']"
11326980_403644946488257_1576187323_n.jpg,['cat']
17882547_1305053026249357_5565209143716872192_n.jpg,"['person', 'person']"
12394185_1642456899349155_1875506508_n.jpg,"['person', 'person', 'boat', 'person']"
1530725_305898096228208_484190780_n.jpg,['cup']
20969178_1910030542588613_4331506485457584128_n.jpg,['dog']
14727396_1319342208090116_4434172168225423360_n.jpg,[]
10502702_1433131096965766_820595687_n.jpg,[]
26071291_1961261837529576_4044494355304546304_n.jpg,['couch']
36971423_254105788706759_2613834392455348224_n.jpg,"['person', 'person']"
11189643_393570454185143_999825084_n.jpg,['stop sign']
22709122_145569549391153_1638338334738612224_n.jpg,[]
10607986_928421307174600_1272321697_n.jpg,"['dog', 'person']"
17438919_1807497529573130_4956036421543526400_n.jpg,"['sports ball', 'sports ball']"
11195763_485556291596386_611998296_n.jpg,['person']
18645023_1465603046836164_4591438314233397248_n.jpg,['person']
28432782_2030190623936789_6928482229333000192_n.jpg,['person']
37675856_2060913767459384_6678086993185865728_n.jpg,"['person', 'person', 'dining table', 'person', 'bottle', 'person', 'bottle', 'bottle', 'bottle', 'cup']"
28763504_197687820831508_6196611237929811968_n.jpg,"['person', 'person']"
11325848_693587494103732_1153499310_n.jpg,"['person', 'person']"
11410428_803506473089932_725442838_n.jpg,[]
1516980_625685640857680_1640713611_n.jpg,"['person', 'person', 'person']"
18645407_1891313417779413_7301621884133572608_n.jpg,"['person', 'person', 'person', 'person', 'person', 'tie']"
15803269_592572027602867_1873519929139920896_n.jpg,"['dog', 'person']"
37246494_287484111997306_2157668522992336896_n.jpg,['person']
11820508_1923921337833347_1685229464_n.jpg,['person']
12276983_1699711940276913_2059416530_n.jpg,"['person', 'person', 'person', 'person']"
29739393_1368998793246178_5061337431819681792_n.jpg,"['person', 'car', 'person', 'person', 'person', 'person', 'person', 'car', 'car', 'car', 'person', 'person', 'person', 'person', 'person', 'person']"
29738600_159381201417349_9075766964512620544_n.jpg,['person']
30592069_194812507831740_7715116931388276736_n.jpg,"['person', 'person']"
891376_689361914451432_710202627_n.jpg,['person']
37749242_436145083556504_4068629434398146560_n.jpg,"['person', 'person', 'person']"
28763153_151823108843382_4366919242432380928_n.jpg,"['person', 'person', 'person', 'person', 'chair', 'chair', 'book', 'tie']"
13696602_576355479210037_1761234714_n.jpg,['person']
14701183_1621130384856239_875200355082698752_n.jpg,"['person', 'person', 'person']"
39069887_320959205116565_2224129340851879936_n.jpg,['person']
33322404_197618241065465_5270765182543462400_n.jpg,[]
16123669_1164157907031902_6647016632830918656_n.jpg,"['person', 'person']"
26864668_2016402795299766_6808655755625889792_n.jpg,['person']
11249596_722768174500573_2122515697_n.jpg,"['person', 'person']"
12383277_211415659200323_1022479773_n.jpg,"['person', 'person', 'person', 'person']"
10601774_843666342312676_204577417_n.jpg,"['person', 'person']"
53056296_295489384451843_2024505855047037188_n.jpg,"['person', 'couch', 'potted plant', 'chair']"
1690462_564911883622170_909158266_n.jpg,['person']
12144249_1641553179430580_1891104538_n.jpg,['dog']
12917910_1733818210169505_1438194144_n.jpg,"['person', 'person']"
917064_689383574440777_2087002932_n.jpg,['person']
1172096_1558145987810483_1590818625_n.jpg,"['person', 'car']"
23969566_338513773279760_5682407694439284736_n.jpg,"['person', 'dog', 'dog']"
1171246_754178614682092_779325636_n.jpg,"['person', 'person', 'bed']"
45457177_256554708546261_13453640976765093_n.jpg,"['person', 'person', 'dog', 'dining table', 'person', 'wine glass', 'wine glass', 'wine glass', 'wine glass']"
51465054_118528115934616_8641183108634080283_n.jpg,"['person', 'cup']"
51236359_295636071124704_1868030521428171928_n.jpg,"['person', 'person']"
36483805_532717543813940_8954169791753486336_n.jpg,"['person', 'person', 'person', 'person']"
18645549_274280549702240_1569146789557174272_n.jpg,"['person', 'dining table', 'bowl', 'chair', 'bottle', 'bowl', 'sink']"
928880_947811315263858_1922582610_n.jpg,[]
1391242_218643824963885_456995516_n.jpg,"['bed', 'dog']"
15034919_1138459426237420_8267667467610882048_n.jpg,['person']
11372281_1445137735804277_994977535_n.jpg,"['person', 'person', 'person', 'person', 'person', 'person']"
37035167_248692812522379_5792342965837889536_n.jpg,"['person', 'person']"
10175290_562023243895222_1983218780_n.jpg,['dog']
10507803_1447795035479633_278504867_n.jpg,['person']
11325822_1671526746411518_2007359296_n.jpg,"['dog', 'dog']"
1208366_177301129130455_2046267348_n.jpg,"['chair', 'dog']"
14156188_176207899479610_2111718063_n.jpg,"['person', 'person', 'clock', 'cell phone']"
30078268_194607101154428_7762542020400250880_n.jpg,[]
27879096_1962250507427168_8575427309165608960_n.jpg,['person']
11193181_1568357610092374_1579087869_n.jpg,['person']
21909493_1844610082517434_2840395721205612544_n.jpg,['person']
12749796_171188456592798_1245168844_n.jpg,"['person', 'person', 'person', 'person']"
19121055_797717683727317_7103165215050563584_n.jpg,['dog']
11287782_923027104402043_1927978373_n.jpg,"['person', 'bed', 'bed']"
30593727_187995435167567_3377342632651915264_n.jpg,"['person', 'person', 'person', 'person', 'person', 'person', 'person', 'person', 'person', 'person', 'person', 'person', 'person']"
16465663_1079913438805024_2811918198247522304_n.jpg,['person']
28766319_963520927138065_7253715767374381056_n.jpg,"['person', 'person', 'person', 'tie', 'person', 'tie']"
14073278_165799053824058_536720851_n.jpg,"['cup', 'cup', 'bottle', 'bottle']"
36502179_283319158905253_8408043500108513280_n.jpg,['person']
1738812_659178544140426_1858715276_n.jpg,['bear']
10004175_619333044817966_222099479_n.jpg,"['person', 'dog', 'cat', 'dog', 'dog', 'dog', 'dog']"
10004298_522413091200632_954407103_n.jpg,"['person', 'person', 'person', 'person', 'person', 'person', 'person']"
18723220_767717736721564_171109332409122816_n.jpg,"['person', 'person', 'cake', 'donut']"
29087405_195868377856215_5514038684308996096_n.jpg,"['person', 'person', 'person', 'person', 'person']"
29090417_222827511794175_8369002432071467008_n.jpg,"['person', 'person', 'person', 'tie']"
10401728_1441984376057648_1276701120_n.jpg,['cake']
43816394_2081574611904782_805182321009296918_n.jpg,"['car', 'person', 'person', 'handbag', 'car']"
18581067_111111729474724_8668084610032205824_n.jpg,"['person', 'person']"
13671196_1638645619759079_1258063443_n.jpg,[]
49696403_2215583668654611_8941963569293627614_n.jpg,"['person', 'cat', 'book']"
10665965_1534255066887547_1187458144_n.jpg,"['car', 'car', 'person', 'person']"
21576551_512240955778735_2319918158208565248_n.jpg,"['person', 'person', 'person', 'person', 'person', 'person', 'person', 'person', 'person', 'person', 'person']"
26871963_1624358597633678_5623609171250249728_n.jpg,['bed']
14561772_1836740669926233_4452173359710470144_n.jpg,"['person', 'person', 'person', 'person', 'person', 'dog']"
10895090_327204477476132_1272063585_n.jpg,"['person', 'person']"
19533719_309507829454790_3317146832047439872_n.jpg,"['person', 'person', 'person', 'person']"
42003883_413560499471336_3934129834720624824_n.jpg,['person']
11280213_1600396600208115_10993052_n.jpg,"['person', 'person', 'person', 'person', 'handbag']"
10175100_311790468970289_1692430608_n.jpg,"['person', 'person', 'handbag', 'dog']"
10598207_987060121311098_923039856_n.jpg,"['person', 'teddy bear', 'dog']"
18298317_317589392006934_1022797563339735040_n.jpg,"['person', 'person']"
22639263_1923994584533346_7447818151368065024_n.jpg,"['bed', 'person', 'bottle']"
18580397_272581649817365_3080002742534537216_n.jpg,"['person', 'person']"
11203423_1566798343583542_1683851024_n.jpg,"['person', 'person', 'person', 'dog']"
56218114_312795856031875_8218982249137127703_n.jpg,"['person', 'person', 'skis']"
17332667_1738446059818924_1434689943547936768_n.jpg,"['wine glass', 'cake', 'person', 'wine glass']"
29403446_220833645328264_7413347005843374080_n.jpg,['person']
31702795_2090743034483734_3689606091013881856_n.jpg,"['couch', 'remote']"
22710606_1973053379634725_8743055282818514944_n.jpg,"['person', 'person']"
16906219_165624070612079_7461762840731320320_n.jpg,"['person', 'person', 'person']"
25007844_1762084583863149_1354313418764451840_n.jpg,"['person', 'bowl', 'person']"
41477008_166374367608373_8611150946881795936_n.jpg,['person']
43985683_324506688384547_6760225621594526176_n.jpg,"['dog', 'person']"
16464804_1229498090461838_7976245509851447296_n.jpg,['dog']
11410541_109538882715672_1007727587_n.jpg,[]
1208332_370006366468487_1512537752_n.jpg,[]
14718470_1719073708417136_2431479083318640640_n.jpg,['dog']
18512882_126048511291669_1507420584730951680_n.jpg,"['person', 'umbrella', 'person', 'person', 'person', 'person', 'person']"
12142201_489977607861466_1434974319_n.jpg,[]
21041751_695817080609820_6020850331385069568_n.jpg,[]
23098598_174324413148469_1963721479375814656_n.jpg,['dog']
38911510_1641637569296142_531025289711452160_n.jpg,['person']
1517063_275404745946574_516984907_n.jpg,[]
11205762_837858302930538_2083269032_n.jpg,"['person', 'cell phone']"
11376117_365837830292387_1736844909_n.jpg,"['person', 'person', 'person']"
16110536_550000581870832_2253948727557357568_n.jpg,"['person', 'person']"
10413973_314405762048989_327313547_n.jpg,"['person', 'person', 'sheep', 'person']"
46844502_613013765798757_865184066967478485_n.jpg,[]
36085137_1782010441893542_4639158987189649408_n.jpg,['person']
14711964_337023739992101_3332350449339596800_n.jpg,"['tv', 'person']"
27878874_211175116102530_7819642094477115392_n.jpg,['person']
11085087_847357305337165_685537779_n.jpg,['person']
11356357_450868651752933_132355920_n.jpg,"['person', 'person']"
11357403_473178812837273_1097135451_n.jpg,[]
40658092_241095340083014_2410349442425975955_n.jpg,[]
11334513_1595402160729114_1522453398_n.jpg,['dog']
10948765_1403790166590578_1411666926_n.jpg,['person']
11378400_1099930380022885_1340448694_n.jpg,"['person', 'person', 'person', 'person', 'person', 'person', 'person', 'person']"
11386468_401306780068498_609337867_n.jpg,"['person', 'person', 'person', 'person', 'cup']"
12716676_989584471121143_717063722_n.jpg,['person']
12519335_203369836681589_1777782290_n.jpg,"['person', 'person']"
18011663_1067760083358574_5937766044469821440_n.jpg,[]
25036482_532100017133709_8099172069477974016_n.jpg,"['person', 'person', 'person', 'tie']"
10724050_344034755767545_776833333_n.jpg,"['person', 'cake']"
10268889_487752191353661_1154694048_n.jpg,"['person', 'person', 'person']"
53333584_127649795031675_7420175440036177139_n.jpg,['person']
11939522_827295337390550_596454774_n.jpg,"['person', 'person']"
11325140_404913816376669_1906293089_n.jpg,"['tv', 'person', 'person', 'person', 'person', 'person', 'person', 'person', 'person', 'person', 'person', 'person', 'person', 'person', 'person', 'person', 'person', 'person', 'person', 'person', 'person', 'person']"
1515712_1412130345718783_1454979514_n.jpg,"['person', 'person', 'person', 'person', 'person', 'person', 'person', 'person', 'person', 'person', 'person', 'person', 'person', 'person']"
28752020_599871777021515_1464084167145816064_n.jpg,"['bird', 'bird']"
10513994_930145617002948_538299016_n.jpg,[]
12826177_1127614073935490_1841972753_n.jpg,[]
925693_250756778413320_39196225_n.jpg,"['bus', 'traffic light', 'traffic light', 'car']"
18722989_2300026396890174_4515080530219237376_n.jpg,['person']
26158873_165925814019800_903819998508613632_n.jpg,['person']
10979546_424189904411674_2016572231_n.jpg,"['dog', 'dog']"
11417480_823373937716317_935503647_n.jpg,['person']
29415259_154170111940498_361961542851231744_n.jpg,[]
916507_854661387883082_951465050_n.jpg,"['person', 'person']"
22638783_2088657308029994_5908990236033024000_n.jpg,[]
52341753_433324384103357_6412086362471328676_n.jpg,['person']
927967_519345401503355_2012235325_n.jpg,[]
10175382_456610221138494_1865244316_n.jpg,['person']
18947700_225733244608830_7556143754923474944_n.jpg,['dog']
19428928_143903339517755_4201349206654320640_n.jpg,"['person', 'person', 'dog', 'dog']"
27576689_213752932508563_7190968288044646400_n.jpg,"['person', 'person', 'handbag']"
37351211_2091470817772907_1576633067877957632_n.jpg,"['bird', 'person', 'surfboard', 'umbrella', 'chair']"
12912781_127059297693329_1949086246_n.jpg,"['person', 'person', 'person', 'person']"
14718055_1053159374801326_3166941745418076160_n.jpg,['person']
49434137_278993989435449_862821760412409118_n.jpg,['person']
11334400_100817453593595_1912619753_n.jpg,['dog']
18721802_645084065685082_6933493073187962880_n.jpg,[]
37318794_209981119857598_6749360686972796928_n.jpg,[]
25017371_1679843655369588_1366797548664127488_n.jpg,['person']
11909303_404169806444720_29525113_n.jpg,[]
12237114_1509751462685785_82127543_n.jpg,['umbrella']
14099393_1128091923927412_442096095_n.jpg,[]
14566772_1669134986749719_2352299346877218816_n.jpg,"['elephant', 'person']"
10693634_616334021809005_1199255786_n.jpg,[]
10467747_1431146673827369_311399153_n.jpg,"['person', 'person']"
18581200_212570565916753_6954962433584660480_n.jpg,"['person', 'person']"
21985455_735846199935637_9116508715044831232_n.jpg,['bowl']
10513791_502808326487613_589814205_n.jpg,[]
50295439_316412125747532_6815331087520488865_n.jpg,"['person', 'bird']"
27575447_788377098017809_4499841127259570176_n.jpg,"['person', 'person', 'person']"
1169170_508466265917885_890273383_n.jpg,"['person', 'person', 'person', 'person', 'person', 'person', 'person']"
11311667_1429543964035429_543069168_n.jpg,['airplane']
15338340_1493460680671819_4830727735615684608_n.jpg,[]
17127021_193230124500572_4244769088338919424_n.jpg,"['person', 'dog', 'person']"
11256779_641598349318093_655778492_n.jpg,"['person', 'person']"
29401393_843708559170943_5479434609546493952_n.jpg,"['couch', 'dog', 'dog', 'laptop']"
11380939_403012209904291_285778222_n.jpg,['dog']
41248853_481095192370349_3510420259822332030_n.jpg,['person']
1739658_252107784960258_1857429268_n.jpg,"['dog', 'person']"
10864939_1521488831471430_389732464_n.jpg,['dog']
12424525_1714072802170039_1335780043_n.jpg,[]
11381783_861703643910225_927179708_n.jpg,"['person', 'person', 'person', 'person', 'person', 'person']"
19535059_433720237011958_2964319937310490624_n.jpg,['person']
21041708_280737189076827_6210125777728438272_n.jpg,"['person', 'person']"
13725504_275826656120165_722622906_n.jpg,"['umbrella', 'person', 'person', 'person']"
34194229_2086396864907484_5263274738104401920_n.jpg,"['person', 'person', 'person', 'person', 'person', 'person', 'person', 'person', 'person', 'tie']"
33354518_707751012949329_1519747785115566080_n.jpg,"['person', 'chair', 'person', 'person', 'chair']"
27580822_150641729071694_5184376566834003968_n.jpg,['person']
11375978_387426258114434_241798576_n.jpg,"['person', 'car']"
19226985_1574058805983828_6943945799520747520_n.jpg,[]
27892445_1870565192962111_5036488524866519040_n.jpg,"['person', 'person', 'person', 'person', 'person', 'person', 'person', 'person', 'person', 'person', 'person', 'person', 'person']"
11378899_364581100419219_621265886_n.jpg,"['dog', 'bottle', 'bottle', 'bottle']"
14583411_1130721360357608_6996287260287041536_n.jpg,[]
11372493_413596975495306_880575509_n.jpg,"['cow', 'person', 'person', 'person', 'person']"
35617770_146338716237170_5590348257315258368_n.jpg,[]
21827906_948068571997816_340921627644526592_n.jpg,['person']
10261038_791556850854511_579911185_n.jpg,"['truck', 'bird', 'person', 'truck', 'person']"
11939530_711680482299035_977513212_n.jpg,"['dog', 'person', 'person', 'dog']"
34098828_1494760860652062_6515856981675212800_n.jpg,"['person', 'bottle', 'bottle', 'wine glass', 'cup']"
927309_606385089458353_1475174701_n.jpg,['person']
12568311_128272974217642_1762121140_n.jpg,"['person', 'person', 'person', 'cell phone']"
10432084_1454016701510628_1897181392_n.jpg,"['person', 'kite', 'person', 'person']"
10401666_786079468071813_1449688763_n.jpg,[]
11421984_427755867349663_939568959_n.jpg,['person']
20399055_1623214501046351_855236767270305792_n.jpg,"['person', 'chair']"
10598679_574550416001304_1468359379_n.jpg,"['car', 'person', 'car', 'car', 'car', 'person']"
916968_576762602405378_1920740244_n.jpg,"['couch', 'dog']"
43664658_555298611574870_8242028759912540661_n.jpg,['person']
25038982_1667253166651713_2340641933757513728_n.jpg,"['person', 'person', 'traffic light']"
10311024_873627172651473_2064117508_n.jpg,[]
22158814_2012088835702116_1584326522536198144_n.jpg,"['person', 'person', 'person', 'person']"
20635213_289271218147603_5917550685674536960_n.jpg,['person']
10724192_715245161894035_413930912_n.jpg,['person']
11910052_982682188459565_1186679141_n.jpg,"['person', 'clock']"
11350960_441535856027194_2008895398_n.jpg,[]
30948668_1013556458799883_4610677160674328576_n.jpg,"['dog', 'person']"
25025490_123707451762690_9061951678219026432_n.jpg,[]
11377597_475770565932346_1268201434_n.jpg,['dog']
18646257_441844432845114_4397701827093594112_n.jpg,[]
14099798_679161768903645_232431430_n.jpg,['bird']
12751035_476340279224678_1938036411_n.jpg,"['person', 'chair', 'laptop', 'bed', 'chair']"
1172561_238903736272441_1674382036_n.jpg,['bird']
12338536_1518411791790425_641816734_n.jpg,"['clock', 'bottle']"
12237468_1519113988405066_1276221754_n.jpg,[]
10598554_679979515419769_586648684_n.jpg,['boat']
36113684_458291527977043_1228291124020379648_n.jpg,['person']
14727584_1158624227565835_3334839146664427520_n.jpg,"['person', 'person', 'person', 'chair']"
17881412_1634902443189799_2345990396401680384_n.jpg,"['dog', 'person', 'person', 'person', 'person', 'chair', 'chair', 'person']"
46984062_270864250263870_7343450206932554414_n.jpg,['person']
11355094_1609858672591027_263305806_n.jpg,[]
10890642_1592529410971109_1426625687_n.jpg,[]
10401713_319507938197376_226761076_n.jpg,['person']
12383428_167347340318085_1478269887_n.jpg,['person']
35415415_186504015360219_2845401011667861504_n.jpg,['person']
12070773_215524925482795_1924362260_n.jpg,['person']
17663260_393901537657648_8682743908939071488_n.jpg,"['person', 'person', 'person']"
11325914_1001218893243992_640893022_n.jpg,"['toilet', 'cat']"
27878495_211376746080392_3449653767199260672_n.jpg,"['person', 'person']"
10249211_248411548694940_1696842202_n.jpg,"['car', 'person']"
14736266_1158268340876653_3550714897429954560_n.jpg,[]
37578719_187659958764582_8154219239381663744_n.jpg,"['person', 'person']"
11190973_1136088056416578_1646911125_n.jpg,['person']
927742_659437187471897_791391914_n.jpg,"['person', 'person', 'person', 'person', 'person']"
10413070_283172311855554_1323086_n.jpg,[]
1390044_174859376046435_2074921304_n.jpg,"['person', 'bottle', 'sink', 'cat', 'bottle']"
12231005_1697592280529533_964712160_n.jpg,"['person', 'person']"
20688718_121286861852871_3009833503882739712_n.jpg,"['person', 'person', 'person', 'person', 'person', 'bicycle', 'bicycle', 'person', 'person']"
51887902_2151320438240475_9109079667163267072_n.jpg,['person']
11333750_491542034333192_1120140207_n.jpg,"['person', 'person']"
31386500_915862991918041_2010021291251204096_n.jpg,['person']
11357712_126233684390472_786263217_n.jpg,"['bed', 'person']"
11377507_1612699085636555_1815656304_n.jpg,"['horse', 'clock', 'person', 'person', 'person', 'person']"
10175307_512775445495074_838323256_n.jpg,['person']
55890586_440757853336527_5143875926745456412_n.jpg,['person']
39915913_235744853753922_6285924902461505536_n.jpg,"['person', 'person']"
10354503_1425870854343922_881485946_n.jpg,"['dog', 'person', 'person']"
11330570_764925890286673_359359464_n.jpg,"['person', 'person', 'person']"
22430222_156408224955517_1674395328217874432_n.jpg,[]
50064431_225690544980521_876125861148267705_n.jpg,"['person', 'sports ball']"
891503_1484591721787626_1452037152_n.jpg,['tv']
15538858_1201982636588240_578023008002637824_n.jpg,['person']
22636889_362074247548872_6709066721140932608_n.jpg,['person']
1169747_254973971375755_477055198_n.jpg,[]
11335535_823090821099968_1038624478_n.jpg,['dog']
22220981_122256291818192_4494182653875978240_n.jpg,"['person', 'person', 'person', 'skateboard']"
10375810_676938499046028_683660427_n.jpg,"['person', 'skateboard', 'person']"
18252237_2013727038912839_602039460099522560_n.jpg,"['person', 'person', 'surfboard', 'person', 'person', 'person']"
13437376_284669828589494_78295564_n.jpg,[]
28153775_1821408604569969_8024250763045765120_n.jpg,"['bed', 'person']"
31557138_1511049582337001_8442504603999666176_n.jpg,['person']
34017783_236469397115709_123440203355389952_n.jpg,"['person', 'person', 'person', 'person', 'tie']"
917913_1088001937885461_2052837156_n.jpg,[]
13126683_750274705074927_720732576_n.jpg,[]
10632418_732567616830275_245190125_n.jpg,[]
11371959_773016929481589_627265229_n.jpg,[]
10956866_835021933230332_1537685905_n.jpg,"['person', 'chair', 'chair', 'chair']"
31905514_261620621049056_2095443814196969472_n.jpg,['person']
10899152_605382909594302_1005201553_n.jpg,['dog']
11385524_912530742137346_634429803_n.jpg,['dog']
914583_1437125756519131_863059899_n.jpg,"['person', 'person', 'person', 'person', 'person', 'person', 'person', 'person', 'person', 'person', 'person']"
25013147_1904023576293501_5956381180054994944_n.jpg,"['person', 'person']"
13408859_1711982929056040_1738419726_n.jpg,"['person', 'dog']"
45358935_2493386490688011_3348392534245666734_n.jpg,"['person', 'person', 'person', 'person', 'person', 'person', 'person', 'tie']"
41613414_2008091489212267_5405324358830868492_n.jpg,['person']
1530829_504041586376141_2030231322_n.jpg,"['bird', 'bird']"
11376309_850814314967270_1818277791_n.jpg,[]
28751094_156734145042364_8534674881344700416_n.jpg,['person']
21689061_353698588413993_8535090763027972096_n.jpg,[]
12783983_239434756401891_633756619_n.jpg,[]
37066877_639102143127696_527154420371161088_n.jpg,"['car', 'person', 'car', 'car', 'car']"
21149055_153860585194784_3469587741212147712_n.jpg,"['person', 'person', 'person']"
25013480_135210703834815_5912936890071252992_n.jpg,"['person', 'tv']"
15043973_192740954516777_3728806949014208512_n.jpg,"['person', 'dog']"
916473_846384438712069_33126488_n.jpg,"['person', 'person', 'person', 'backpack', 'person']"
11259911_374562052742397_1248121563_n.jpg,"['couch', 'dog']"
10748147_815979355109780_1232658192_n.jpg,"['person', 'person', 'person']"
11242628_1452779328355878_297549202_n.jpg,[]
18809178_231355897356662_5626871667062996992_n.jpg,"['person', 'person', 'person', 'person', 'person', 'car', 'car']"
14712320_355256884819435_2984460606624497664_n.jpg,"['umbrella', 'umbrella', 'person', 'person', 'umbrella']"
11850211_424184127776379_2112456212_n.jpg,['bed']
36914253_435505860260641_4309987337799991296_n.jpg,"['person', 'person']"
14448313_267611463633126_6599408247499653120_n.jpg,"['person', 'dog', 'book']"
44491300_144257313218101_675589621755442920_n.jpg,['person']
1922307_661219757290931_1124362965_n.jpg,[]
18382180_1327533370699737_6798298055444529152_n.jpg,"['person', 'person']"
11358216_1468714900105643_1975399044_n.jpg,[]
11421803_413182632196725_650953725_n.jpg,['person']
10544050_698234470241601_1469560606_n.jpg,"['person', 'dog']"
1172871_578104275572077_3333041_n.jpg,[]
31765105_182715525886292_2972815932377792512_n.jpg,"['person', 'person', 'person', 'person', 'person', 'person', 'person', 'person', 'person', 'person']"
26867100_167802137172962_3747156986332971008_n.jpg,"['refrigerator', 'bottle', 'cup']"
37508166_479223895852643_7698038943123505152_n.jpg,"['person', 'dog', 'cake']"
26276647_439506249780713_3471642913128054784_n.jpg,['person']
38244390_2216581698561305_8496433815391043584_n.jpg,"['person', 'person', 'person', 'person']"
10632109_485393778263260_2063563807_n.jpg,"['dog', 'cup']"
54512990_280746859523127_5406331590509594418_n.jpg,"['person', 'person']"
44567278_314363369292053_1426646169583790035_n.jpg,"['person', 'person']"
13381366_898052480303821_1184282638_n.jpg,"['person', 'person']"
22352363_506687139690532_4476179336382119936_n.jpg,['person']
13736965_1172500799467973_1967677045_n.jpg,"['person', 'person', 'person', 'person', 'person', 'person', 'person', 'person']"
12748451_1679611875657005_295293057_n.jpg,['person']
10735497_934796046537489_1793786377_n.jpg,"['bird', 'bird']"
12677641_1056447374421261_202951105_n.jpg,"['person', 'person', 'person', 'person']"
10843868_1581645415384372_740766681_n.jpg,[]
42825090_346829729418346_3900063190182007638_n.jpg,"['person', 'person']"
15625174_730260310469740_2861972318345756672_n.jpg,"['person', 'person']"
18160243_287950348326099_5636199408316973056_n.jpg,"['person', 'person']"
11325746_1165645786785379_368261740_n.jpg,"['person', 'person', 'person', 'person']"
11326995_682894091817174_1013993224_n.jpg,"['dog', 'couch']"
22159127_1921867871472589_4596147256247189504_n.jpg,['person']
36148697_194960077857170_2790350521754451968_n.jpg,"['person', 'person', 'person']"
30829551_209623872987799_1820878598051987456_n.jpg,[]
23164689_130887130960007_5508127890186698752_n.jpg,"['person', 'bird', 'person', 'person']"
10899181_323878794476095_879224487_n.jpg,"['clock', 'person', 'person', 'person', 'person', 'clock']"
19052196_1408128469266072_853736277495775232_n.jpg,"['person', 'person']"
45278314_462055560988208_810916755100982559_n.jpg,"['person', 'person', 'person', 'person', 'person', 'person', 'person', 'person', 'person', 'person', 'person']"
15624100_640182679487826_9133068489735536640_n.jpg,[]
26266516_1774024132901339_3988031276417286144_n.jpg,"['person', 'person', 'person']"
10467807_1491674741049645_814036120_n.jpg,[]
10358194_387224514749181_507435132_n.jpg,"['person', 'bird']"
12950435_1103241143029501_1871084368_n.jpg,"['person', 'person']"
47690472_360155581441025_815952097468403692_n.jpg,"['tv', 'person', 'person']"
11326076_921047464620204_1929790539_n.jpg,['person']
10547265_1439316679677360_1929327615_n.jpg,"['truck', 'traffic light', 'car', 'car']"
32600915_1903410163039679_4691060802218622976_n.jpg,"['person', 'person', 'person', 'person', 'person', 'person']"
18096317_116501555573019_8315360326358925312_n.jpg,"['person', 'person', 'person', 'person', 'person']"
14553326_1822072724746664_9032153165054607360_n.jpg,"['dog', 'dog', 'dog']"
11334522_875972989134643_2038846311_n.jpg,"['sheep', 'person']"
13671077_217058832022167_1004401383_n.jpg,['dog']
11015666_1415420392097110_171453020_n.jpg,['dog']
11022888_836677959739492_367832528_n.jpg,"['dog', 'dog']"
30592963_166737304038766_2936254039723081728_n.jpg,"['toothbrush', 'person']"
10601715_608389299274088_289472671_n.jpg,['dog']
11352062_644200179045745_1179514967_n.jpg,['person']
1517263_706974729347740_710063958_n.jpg,"['person', 'person', 'person']"
17334156_591242264416570_6146128583174651904_n.jpg,[]
10296942_458502200953038_1638548554_n.jpg,"['person', 'dog']"
17934276_346616399069856_3659265179314552832_n.jpg,"['person', 'person', 'person', 'person', 'person', 'person', 'person', 'person', 'person', 'person', 'person', 'person', 'person', 'person', 'person', 'person', 'person']"
28154034_200917570661940_3402710955769987072_n.jpg,"['person', 'person']"
10832203_997857453574582_1244383061_n.jpg,['cup']
18512948_252344408574753_4603489627393753088_n.jpg,"['person', 'person']"
30085779_137297093645251_8942438599685570560_n.jpg,['dog']
43914059_150721562552662_388878245007300189_n.jpg,"['dog', 'bed', 'book']"
26224829_1835992383358896_3993182131911131136_n.jpg,"['person', 'person', 'tie', 'tie']"
18382682_311541302611537_6806109067652628480_n.jpg,"['person', 'person', 'person', 'person', 'person', 'tie', 'tie', 'person', 'person', 'tie']"
30590886_724485591274788_1748279704990777344_n.jpg,"['person', 'person']"
54513910_159355088402720_621118627925394567_n.jpg,"['person', 'tv']"
11380200_1405751506418297_144698700_n.jpg,['bird']
39486249_472921276505917_9005775090830278656_n.jpg,"['tv', 'person', 'dog']"
1172091_1094654027231987_113066005_n.jpg,"['person', 'person', 'person']"
31128545_171833116861481_4746228871156727808_n.jpg,['person']
31031239_161417327867008_2593623740944220160_n.jpg,"['couch', 'person', 'dog']"
10413892_725679270828705_555340460_n.jpg,['person']
1390288_540468369375967_1328044014_n.jpg,"['potted plant', 'person', 'person', 'person', 'person', 'person', 'person', 'person', 'person', 'person']"
11335480_1584831211785815_1108562207_n.jpg,['dog']
10724256_391841790967048_2126893707_n.jpg,['bed']
12750273_679618128807898_330617394_n.jpg,"['person', 'person', 'baseball glove']"
10914308_1441824302500886_1975572502_n.jpg,"['person', 'person', 'person', 'person']"
27579180_1478284812269077_3136921092250140672_n.jpg,['person']
51858289_177851246516773_477417236812700799_n.jpg,['person']
10012500_434220360056211_189065733_n.jpg,['bed']
1208189_445614175572162_2083068834_n.jpg,"['dining table', 'bottle', 'bottle']"
926356_1441495962750489_1121979872_n.jpg,[]
14561901_1046472452146587_6679393195819794432_n.jpg,"['person', 'person', 'person', 'person', 'person', 'person']"
11371134_1701918570029706_926869955_n.jpg,['person']
29400665_1946945232285975_7300924510293721088_n.jpg,"['person', 'person', 'person', 'person', 'person', 'person', 'person']"
41281829_1325779990892622_4503720432773633644_n.jpg,"['person', 'person']"
20214488_1238899962888757_1924683520895090688_n.jpg,['person']
10488704_1497949967116964_787190873_n.jpg,['person']
14624751_1798979167007285_3396212691725975552_n.jpg,"['person', 'person', 'person']"
32095372_206160353318904_4299592503331389440_n.jpg,"['person', 'dog']"
1168779_661821713838192_652971247_n.jpg,['dog']
21827528_1923037287724030_476631470232829952_n.jpg,"['person', 'handbag']"
38900101_296780254433682_611551846292520960_n.jpg,['person']
39736306_292102964719122_1614850975367954432_n.jpg,['bed']
11375274_897426493683892_1232837835_n.jpg,"['dog', 'person']"
10623878_774019866075615_1737717669_n.jpg,['bird']
41601894_897770210433920_144444421414390448_n.jpg,[]
12519141_1003583933042946_407510947_n.jpg,"['car', 'car', 'car', 'traffic light', 'traffic light', 'traffic light', 'traffic light', 'traffic light', 'car', 'truck', 'car']"
40493115_822911404499862_3360048490192972876_n.jpg,"['person', 'person', 'person', 'bicycle']"
11419048_1021852521182660_1926691018_n.jpg,['person']
23098721_124498854894644_3476051456539230208_n.jpg,"['person', 'person', 'handbag']"
43985696_439765106549451_3761320306554710711_n.jpg,['person']
12568259_1559875884337332_948480946_n.jpg,[]
54230432_284411029118317_6359293020349570756_n.jpg,['person']
11906363_899455056798686_617825606_n.jpg,"['person', 'person', 'clock']"
925009_504516183007488_1304477399_n.jpg,"['person', 'handbag']"
1390098_1417199018512711_2097641967_n.jpg,[]
11374585_400251310162799_1877836037_n.jpg,[]
10802683_457060451113945_281853888_n.jpg,[]
25021993_2038048656479099_1292338204619309056_n.jpg,['person']
31928321_828656300662285_6523568183138320384_n.jpg,"['person', 'laptop', 'person', 'person', 'person', 'laptop']"
23507687_153279498620278_8190014896985866240_n.jpg,[]
11326739_1000126613331019_1268481428_n.jpg,['bed']
12751511_994908637249887_212017353_n.jpg,[]
15035710_1804109283178286_1712601218389377024_n.jpg,['person']
18298534_453398125052229_5945966833549967360_n.jpg,"['person', 'person', 'person', 'person']"
17494051_1283921125035185_1817936828922068992_n.jpg,[]
12599247_424585167745400_1732120259_n.jpg,[]
24125598_502875540089821_8483274215984726016_n.jpg,['person']
12070890_637548573053554_1261844768_n.jpg,"['person', 'dog']"
11325139_936106263076696_1656125912_n.jpg,['person']
11426193_1764028253824816_386483630_n.jpg,"['person', 'person', 'bed']"
12063085_1552402755089911_1608409453_n.jpg,['person']
29414537_368110577023910_1364733473281015808_n.jpg,['bed']
17076380_1261697360573279_6548051502475247616_n.jpg,"['person', 'person']"
36892755_227876821156374_5454843258897170432_n.jpg,['person']
18444507_1904261983187330_3508425335173545984_n.jpg,"['person', 'potted plant']"
927274_624600717617553_1879361211_n.jpg,"['person', 'person']"
33041153_425225907942988_5550260845050593280_n.jpg,"['person', 'person', 'person', 'person', 'person', 'person']"
11335622_1593068667597974_151768550_n.jpg,['dog']
1515786_757913020900680_587820343_n.jpg,[]
11856736_1628536787420784_1561257346_n.jpg,['dog']
14128738_1289860814359753_1852785601_n.jpg,[]
11005129_1558695284380921_1630878003_n.jpg,"['person', 'person', 'person']"
31745594_935958586575276_107152484778115072_n.jpg,['person']
12717132_1096971557026418_1529140494_n.jpg,"['person', 'person', 'person']"
11917917_614760971999250_1401098418_n.jpg,[]
32121765_166927027335980_2560329755761049600_n.jpg,['dog']
18646143_1386102624777159_4251299027766738944_n.jpg,"['person', 'person', 'chair']"
38439619_302767970288145_1600081798312755200_n.jpg,['dog']
11377878_363893737154147_2097405804_n.jpg,"['person', 'chair']"
35426591_1783977311695519_7227691306397466624_n.jpg,"['dog', 'chair']"
17265589_248645362267346_4379973417571450880_n.jpg,[]
21227343_1809676065990426_2343797944446091264_n.jpg,"['person', 'person', 'person', 'cup', 'cup']"
13827400_292810584415795_1634816842_n.jpg,[]
46615011_2416246778388774_4299497417765517275_n.jpg,"['person', 'person']"
11379794_387503968041128_620043040_n.jpg,"['person', 'dog', 'person']"
39790050_1044951965671707_5084746639965421568_n.jpg,['person']
15535514_1094751727290742_3429557516437028864_n.jpg,['dog']
12120395_1703709526510195_148961373_n.jpg,"['person', 'person', 'person', 'person', 'person', 'person', 'person']"
11358977_1603845876551600_1819002057_n.jpg,['person']
46849299_291880511683052_665248390937251681_n.jpg,[]
18646011_240690886416639_1657977729829568512_n.jpg,"['chair', 'person', 'bench', 'chair']"
58895262_2132607996857934_4701254045807261576_n.jpg,"['dog', 'person']"
32370672_175366183127722_1196129803317542912_n.jpg,[]
27881043_401995170240806_756117091106422784_n.jpg,['person']
926133_210763115929394_1865868424_n.jpg,"['skateboard', 'person']"
21041346_308279902908995_7835086796873531392_n.jpg,"['person', 'person']"
1390178_655621354495469_796874406_n.jpg,"['person', 'person', 'person', 'person', 'person']"
1168574_507341889382410_1241569729_n.jpg,[]
11008192_837003373012512_148389418_n.jpg,['dog']
11887058_173648979639389_1603209116_n.jpg,['dog']
12269777_1679417662312197_433044215_n.jpg,"['person', 'tie', 'cup', 'cell phone']"
11348106_1542562586033857_868724510_n.jpg,['dog']
29088758_156205728385027_3126605590122463232_n.jpg,"['person', 'bottle']"
19379305_670864593099207_8789386297631309824_n.jpg,[]
18722559_1927420337522380_4538702115907829760_n.jpg,"['truck', 'person', 'person', 'person', 'person', 'person', 'person', 'person']"
11358096_1449266095385716_1326625442_n.jpg,"['car', 'person', 'car']"
11352007_502177193264155_1920371139_n.jpg,"['person', 'person', 'person', 'person', 'person']"
51644535_2269001696498110_8523864606366572930_n.jpg,['person']
42002368_276707336294787_783631866678479942_n.jpg,[]
12519399_1532496260389308_1065887419_n.jpg,"['person', 'person', 'person', 'car']"
18722128_130096424422597_369757750307061760_n.jpg,"['person', 'person', 'person', 'person', 'person', 'person', 'person', 'person']"
41468624_482131445622460_6519562459799150032_n.jpg,"['person', 'person']"
27574638_363919464086765_3654751091377045504_n.jpg,['person']
22500517_2183443838584392_3805207068521005056_n.jpg,"['person', 'person', 'person', 'person', 'person', 'person', 'person', 'person', 'person', 'person', 'person']"
12545527_880747888710905_814326279_n.jpg,"['dog', 'dog', 'tv']"
11380794_1651297908435378_1309961102_n.jpg,"['person', 'person', 'person', 'person', 'cell phone']"
10838318_743647602381486_2006273112_n.jpg,"['bed', 'dog']"
54463758_848806248796547_943709887604619203_n.jpg,"['car', 'person']"
10986115_817885821619946_1381009164_n.jpg,"['person', 'person', 'person']"
21480572_486322481748359_8041721057918320640_n.jpg,"['chair', 'person', 'person', 'bottle']"
26340191_173993676698941_3149567103762169856_n.jpg,"['person', 'person', 'person']"
13118248_647568135394769_1004504933_n.jpg,['car']
33142862_241362613082868_1308493144282628096_n.jpg,"['person', 'person', 'person']"
55816649_550966662092678_550708198541798994_n.jpg,['person']
39907581_276913466367564_5273416762750784704_n.jpg,"['person', 'person']"
1172101_778351885518649_1745503717_n.jpg,[]
10802723_985208591496478_2127942084_n.jpg,[]
21226962_114938189189462_4830038620997943296_n.jpg,['person']
10610990_354189188064283_1533924532_n.jpg,[]
25012927_1294494910654654_4964738660940382208_n.jpg,"['person', 'person', 'person', 'person', 'person']"
11380182_779835202131501_1593891312_n.jpg,['dog']
10251295_453688114763323_981152228_n.jpg,"['car', 'person', 'person']"
20759427_256037308234367_533756729997918208_n.jpg,"['person', 'person']"
42068599_486734585174064_1217072907581426388_n.jpg,"['person', 'dog']"
17596692_200401263781796_273663084034260992_n.jpg,"['person', 'person', 'person']"
46443996_269740637227126_7401440455256496151_n.jpg,['person']
10655093_816273241751290_1527996740_n.jpg,[]
10449075_1429324914009649_428170924_n.jpg,['person']
26069171_1398217370288891_4614826919421018112_n.jpg,"['person', 'stop sign']"
56679660_674606646292762_4884076218847083750_n.jpg,"['person', 'dog']"
10311158_631288610286460_335489980_n.jpg,['bird']
11381424_1584581205137339_568044494_n.jpg,['person']
14723050_349974625336430_3954417969005592576_n.jpg,['person']
12568850_1004016539644258_1674637525_n.jpg,['person']
22794055_154216601982338_3603685673984327680_n.jpg,['cat']
10693761_1475744446044488_404492727_n.jpg,[]
14592048_246157762486002_5167882208790183936_n.jpg,"['person', 'bird']"
11934890_890987657621230_2125144812_n.jpg,['dog']
26269678_320968571737056_1822153812496875520_n.jpg,['person']
929102_279266332243344_563621520_n.jpg,['person']
11821751_469844836512243_569763926_n.jpg,"['cat', 'chair']"
15403532_1231475343609352_6511030409097117696_n.jpg,"['person', 'person', 'person', 'person', 'person', 'person', 'person', 'person', 'person', 'person']"
10735357_842265209138515_275890830_n.jpg,['car']
12950405_940202209426628_720901426_n.jpg,['person']
12362206_939348812822966_994524275_n.jpg,"['dog', 'car']"
23498299_143470259739274_3080819452040708096_n.jpg,"['potted plant', 'person']"
10553991_760091157387348_1489916353_n.jpg,['dog']
11370986_532314950269685_451917110_n.jpg,"['dog', 'person', 'person', 'dog', 'person', 'person', 'dog', 'person']"
11335819_1093933093967707_598035810_n.jpg,"['cat', 'oven']"
10499249_499926093471906_2038649703_n.jpg,"['person', 'bird']"
11311563_859048257475990_894216951_n.jpg,[]
30899972_1757371410993013_2833507796253671424_n.jpg,['person']
12784100_823612631095594_2039492494_n.jpg,"['person', 'person']"
11376533_486051451561328_836771466_n.jpg,[]
11356779_922559737785636_429688416_n.jpg,['person']
1515934_266158930232214_1530163863_n.jpg,[]
28435550_656785334712739_9131469134108819456_n.jpg,['person']
11355901_773883382731000_1437744476_n.jpg,['dog']
12230940_1680076965547083_130137531_n.jpg,['person']
22159448_285157035334984_8116524699426488320_n.jpg,"['person', 'person', 'person', 'person', 'person', 'person', 'person', 'person', 'person', 'person', 'person', 'person', 'person']"
11280044_1591074037807984_1708705357_n.jpg,['person']
20214238_1826663880996658_7687668108932153344_n.jpg,"['person', 'person', 'person']"
13706829_502219489969406_55181658_n.jpg,"['person', 'person', 'person']"
10483360_1433486860256600_315747093_n.jpg,"['person', 'person', 'person', 'person']"
10844201_756190791126669_1453957236_n.jpg,"['potted plant', 'traffic light', 'person', 'potted plant', 'potted plant', 'potted plant', 'potted plant', 'potted plant', 'car']"
10488683_664849773595695_712619029_n.jpg,[]
20398812_343853279380107_3415866462072471552_n.jpg,['dog']
11311204_1858003987758243_1090003552_n.jpg,"['person', 'person']"
18013842_590148527859330_7359270103411589120_n.jpg,"['person', 'person']"
15803011_1334309163309739_2846935393029324800_n.jpg,"['person', 'person', 'person', 'person', 'person', 'person', 'person']"
15275711_1829762860646154_1874201961356591104_n.jpg,"['bed', 'dog']"
14033516_1237251042975468_1605774789_n.jpg,[]
12345972_1533529240303648_1864876696_n.jpg,"['dog', 'bed']"
11246294_384968628375470_1897300670_n.jpg,[]
11244432_839831509435870_1158623794_n.jpg,"['person', 'person', 'bench']"
1538493_693777894028329_1348552558_n.jpg,"['person', 'person', 'person', 'person', 'person', 'person']"
13151363_1594302634214475_837482046_n.jpg,"['person', 'person', 'person', 'person', 'person', 'person', 'person', 'person', 'person']"
12750330_1694239550848899_1313561339_n.jpg,['person']
16123057_367740046926790_1699880684899794944_n.jpg,"['person', 'dog', 'tie']"
11334633_846310468783174_1616363392_n.jpg,"['person', 'person', 'person', 'person', 'person', 'person', 'person']"
917124_1436331153289634_1529578324_n.jpg,"['person', 'wine glass', 'wine glass', 'dining table', 'wine glass', 'wine glass']"
