12394053_458510841000340_1115240788_n.jpg,"['person', 'person', 'person', 'person', 'person']"
10731935_1520091278281341_162288298_n.jpg,['bed']
10852689_312466782275263_1188918758_n.jpg,['person']
20225530_659931897538716_6981711296630620160_n.jpg,['person']
16790289_1005605026239586_2618640718557609984_n.jpg,"['person', 'person']"
924274_1400198843567492_953814237_n.jpg,['person']
914541_178001869067937_317952802_n.jpg,['person']
10665397_1536240213274395_672510900_n.jpg,['person']
18252217_330645714065715_6423891445421178880_n.jpg,['person']
12543191_489113014621226_1028111142_n.jpg,"['potted plant', 'person', 'potted plant']"
10632509_728866430518977_571519300_n.jpg,"['person', 'person', 'person', 'person', 'person']"
10903518_1552829021670066_1126830646_n.jpg,"['bench', 'person']"
53036392_1199543756870430_4123373395144877902_n.jpg,"['person', 'person', 'person', 'person', 'person', 'person', 'person']"
10499272_239379112939395_1562831045_n.jpg,['person']
11380925_1438669889773402_58711808_n.jpg,"['bowl', 'bowl', 'bowl', 'bowl', 'bowl']"
916335_217715501743277_1212914376_n.jpg,"['bowl', 'person', 'person', 'person']"
914327_1431637340419663_132040812_n.jpg,"['person', 'cell phone']"
11849323_1051525561525776_1078539727_n.jpg,[]
11203445_1423788817928102_1832779036_n.jpg,"['person', 'handbag']"
11312153_1681656605395858_1261770511_n.jpg,['person']
14156335_1011340552319511_633864276_n.jpg,['vase']
16906565_247711529022792_8145946363570421760_n.jpg,"['person', 'handbag']"
52967952_2177183035930482_3365690233418402802_n.jpg,['person']
11352090_476161295880869_243663523_n.jpg,"['couch', 'vase', 'cup']"
11232649_1488120951408668_240753159_n.jpg,['person']
10254129_298979603584710_1668650592_n.jpg,[]
11008258_1554788144790058_1597435664_n.jpg,['person']
11820540_397427943786043_1809163202_n.jpg,['person']
28158666_340861839766186_1984768137681174528_n.jpg,"['person', 'person', 'person', 'person']"
10949057_1611818405704365_1911162986_n.jpg,[]
11374561_350076051866400_388899353_n.jpg,['dining table']
34868647_1077342932430637_1298095801553125376_n.jpg,"['person', 'person', 'person']"
12224633_517871321720621_92585340_n.jpg,"['person', 'couch']"
13573475_123161424781388_189636738_n.jpg,['person']
43985851_524548778060520_3656014781164357159_n.jpg,['person']
10432078_1677428339177298_1441034118_n.jpg,['person']
15623696_676212395882026_7094903158261940224_n.jpg,['person']
19955000_457442697969957_2263853132595331072_n.jpg,['person']
10895294_751703231574248_1269225769_n.jpg,['person']
11240400_1606998749518040_1539520534_n.jpg,"['laptop', 'tv']"
11192962_730714017039560_1007458077_n.jpg,"['bottle', 'bowl']"
925625_715373828584788_959101051_n.jpg,['person']
10963788_1401241740177682_801770099_n.jpg,['person']
35001417_803280410059424_160891673931415552_n.jpg,"['umbrella', 'person']"
12345932_1676149809292021_1852070954_n.jpg,['person']
10958585_814091505338310_1903778403_n.jpg,"['cup', 'cake']"
37813916_306218316794215_7635386223657222144_n.jpg,['person']
41421633_175133393371576_5675077829132327356_n.jpg,"['person', 'handbag']"
47692312_580615799043839_7382424433022590834_n.jpg,['person']
55807188_282399839354189_287039453160401128_n.jpg,['person']
27580715_1562559470446806_5924443798946971648_n.jpg,[]
53689044_558741854632878_1953248017822214991_n.jpg,['person']
29087324_263426764195557_8913632090822541312_n.jpg,"['person', 'bottle', 'book', 'book', 'book', 'book', 'book', 'book', 'book', 'book', 'book', 'book', 'book', 'book']"
12599371_996265663788698_1699050529_n.jpg,"['person', 'tie']"
11849833_1066850283328232_2074983342_n.jpg,"['umbrella', 'chair']"
10860129_1578920502384515_320421660_n.jpg,['person']
20986874_1308764269233530_2136875946362273792_n.jpg,"['person', 'person', 'person', 'person', 'person', 'person', 'person', 'person', 'person', 'person']"
31384643_190721528408982_3220535537043505152_n.jpg,"['person', 'handbag', 'handbag']"
11351586_1489503544690996_1870930375_n.jpg,['person']
10499028_1444001919201424_756817126_n.jpg,"['person', 'person']"
10693469_739900912744910_785460445_n.jpg,['person']
11189712_681694478620574_704343731_n.jpg,['potted plant']
46878429_217079319193010_5536477678268656860_n.jpg,['person']
12547446_1670121613247154_773986987_n.jpg,"['person', 'bicycle']"
13414289_299176217084221_1507087609_n.jpg,['person']
11137758_851711641566868_584371548_n.jpg,['person']
28436344_174930046629896_8315765857171013632_n.jpg,['person']
13715204_574586619380249_1849340094_n.jpg,"['person', 'bench', 'person', 'person', 'person', 'person', 'person', 'person']"
11377946_1006037456080758_1524659596_n.jpg,"['laptop', 'person', 'laptop']"
12093602_495085133985227_569882524_n.jpg,"['fork', 'cup', 'dining table', 'spoon', 'cup', 'spoon', 'spoon']"
12135479_156887801325312_641188489_n.jpg,['person']
11230469_110007509331436_1151419986_n.jpg,"['person', 'person', 'bowl', 'dining table', 'dining table', 'bowl']"
40636337_1996999220357739_6345723600325145082_n.jpg,['person']
10251285_1399148213700472_1388372705_n.jpg,"['wine glass', 'cup', 'cake', 'cup', 'wine glass', 'scissors', 'cup']"
11256741_909533199089299_190058497_n.jpg,['person']
1515418_623120641058933_1242559029_n.jpg,"['person', 'person']"
11252895_440750312761305_583392269_n.jpg,['person']
41829523_167580004126208_4551129503153846032_n.jpg,"['potted plant', 'person', 'handbag']"
14279028_333393350345199_1792298261_n.jpg,[]
23164762_161517301107242_6695025476617895936_n.jpg,['person']
15043427_943359892434832_2753368173276299264_n.jpg,['person']
11378743_1443988845906860_51834602_n.jpg,['person']
11372469_1599478813633682_1682889951_n.jpg,['cup']
926095_1392559921007666_1988496632_n.jpg,"['sandwich', 'person']"
11243530_447675228742484_996980695_n.jpg,['person']
24327549_1515544378563784_4200972950339321856_n.jpg,['person']
11264640_480048762156237_102217401_n.jpg,"['cup', 'bowl', 'bowl', 'cup']"
11251859_745208492266176_811913933_n.jpg,[]
27892527_1986751744910651_2449897513696624640_n.jpg,['person']
10683928_303337306519887_911741853_n.jpg,['person']
19367031_236809873502681_2512716036080402432_n.jpg,['person']
21296296_335857873529607_6511854286903705600_n.jpg,['person']
11909925_159963431010398_1123975689_n.jpg,['person']
11856721_186580418341233_371398268_n.jpg,"['wine glass', 'person']"
12139891_963109080427376_474490894_n.jpg,['person']
11257099_1662421293979255_919996327_n.jpg,[]
11248911_816224021794922_1058624625_n.jpg,"['person', 'person', 'person', 'person', 'potted plant', 'wine glass', 'wine glass']"
10611062_273377176186927_2042937190_n.jpg,['person']
39382678_1945904932140325_5732750380505235456_n.jpg,['person']
14156684_202075523543361_6509187_n.jpg,[]
11192932_919594748091456_113961721_n.jpg,[]
29740747_1686571758088584_7569787951194832896_n.jpg,"['person', 'bench']"
11311102_418763261662829_1034892122_n.jpg,['person']
11176019_450460401783821_191079213_n.jpg,"['person', 'person']"
11376123_412081135630800_1911450277_n.jpg,[]
11324476_1587778488147136_849143196_n.jpg,[]
11247125_1589127588023608_636794185_n.jpg,"['person', 'person', 'person', 'person']"
15877054_1170395056401298_604851886289321984_n.jpg,['person']
12331901_1521012631558700_1388665977_n.jpg,['person']
1527692_1409143032659018_357442662_n.jpg,['person']
1171129_493378310759564_1706004691_n.jpg,['cake']
12724921_600240523474210_578987482_n.jpg,"['person', 'person', 'person', 'person', 'person', 'person', 'person']"
21909340_351164585336897_2202449917899702272_n.jpg,"['person', 'tie']"
20969120_686281614904233_2595592171700617216_n.jpg,['person']
11189207_860854694008625_1805270530_n.jpg,"['person', 'chair', 'cell phone', 'chair']"
34199404_182311532417835_6779021220017864704_n.jpg,['person']
11201708_353108838230924_1687181445_n.jpg,"['cup', 'bowl', 'dining table']"
29090600_807102736148722_9121026260431011840_n.jpg,[]
11917898_873895472695343_956144857_n.jpg,['person']
1171989_242760019224671_855849657_n.jpg,['person']
46239544_303983390237079_6107165168527353743_n.jpg,"['dining table', 'person', 'chair', 'chair']"
55933770_2891268344430849_2545304153764815003_n.jpg,"['person', 'person', 'person']"
14156580_960667487375842_234443568_n.jpg,"['person', 'handbag', 'handbag']"
32121753_206090836839096_9214633625243353088_n.jpg,"['person', 'bottle', 'remote']"
10844088_1526693640912682_1713164823_n.jpg,['person']
18096137_755826907931531_7383846301416292352_n.jpg,['bowl']
10802578_1515972001994282_1137555106_n.jpg,"['cup', 'bowl', 'dining table', 'cup', 'cup', 'cup', 'bowl', 'bowl', 'bowl']"
11378657_1575735636022847_1456526648_n.jpg,"['person', 'person', 'person', 'handbag']"
11055417_848739988531256_1684181685_n.jpg,"['person', 'clock']"
15101743_1881697168733506_1789597857313980416_n.jpg,"['person', 'vase', 'vase']"
22793632_143895869675581_1471437005127680000_n.jpg,['person']
22581980_176647549556700_4650400097719287808_n.jpg,"['person', 'handbag', 'handbag']"
12568915_916300558491211_1425486299_n.jpg,[]
11251759_680155542110954_1549254748_n.jpg,[]
20184361_115852719052622_4739597093759352832_n.jpg,['person']
11376609_658383614296203_1012257370_n.jpg,['person']
926958_353276394814888_2102344424_n.jpg,['person']
14504893_1586718751634183_4454629724521496576_n.jpg,['person']
57297994_148898049481332_6592156569764842417_n.jpg,"['person', 'person']"
26271907_2030907207150073_5462956224486047744_n.jpg,['person']
50094084_251008592464373_6456451107744042356_n.jpg,['person']
11377426_1134090803288030_1541875634_n.jpg,['potted plant']
32824390_250029929070552_3541006536174206976_n.jpg,['person']
11378724_1453520188296228_623457802_n.jpg,"['person', 'person', 'person', 'person']"
14574169_1703327946624811_8408890733947256832_n.jpg,[]
11235962_1063303703698615_814732799_n.jpg,['book']
20987570_340902389682808_5844333437581787136_n.jpg,"['person', 'person']"
39059703_993680744168856_8742433255589937152_n.jpg,"['person', 'person', 'wine glass']"
18514024_244553799358193_6617714188389187584_n.jpg,"['cup', 'book']"
11311637_849319518468777_1594978282_n.jpg,[]
916980_624369337626897_1207002550_n.jpg,"['person', 'person', 'person', 'person', 'person', 'person']"
1171229_487013371396590_149134770_n.jpg,['person']
11203352_1581909165410241_635207692_n.jpg,['person']
12750049_520861348122555_1318754847_n.jpg,"['person', 'bench']"
12230781_1234920946600088_96272200_n.jpg,['person']
39878241_963991590453627_4186241397425121062_n.jpg,"['person', 'car']"
53093020_123713512066533_6053880981485212274_n.jpg,['person']
10683816_722521391146710_1692437987_n.jpg,"['bed', 'person']"
41260478_311507126333261_1685341449070993167_n.jpg,['person']
11917912_1494888344140387_693002104_n.jpg,"['person', 'handbag']"
10959219_1569023306647800_1383624057_n.jpg,"['person', 'person']"
11240694_1425058761135694_1614771610_n.jpg,"['person', 'person', 'person', 'person']"
11266020_1442295619419809_1029149645_n.jpg,['person']
10891065_394441080724787_546450884_n.jpg,[]
11324903_1587661334849974_272924538_n.jpg,['person']
928531_691199304271349_740281530_n.jpg,"['person', 'person', 'cup']"
10691745_1477866189165297_780644643_n.jpg,['stop sign']
55894888_434910533931968_2345621896847004617_n.jpg,"['bicycle', 'bicycle', 'person', 'dining table', 'chair', 'cup', 'bottle']"
25009871_522817951422218_4939475805039230976_n.jpg,['person']
19764652_159103901301685_6030166428982706176_n.jpg,"['person', 'umbrella']"
11193136_1380077572323137_737961216_n.jpg,['person']
38484020_1921043978188787_7602601071839543296_n.jpg,"['person', 'person']"
13108831_529088737294085_1326258405_n.jpg,['person']
11186893_1576569115953627_442196420_n.jpg,[]
13423503_146358095774802_1643374010_n.jpg,['cake']
10727292_1172889206072260_932495866_n.jpg,['person']
14733354_1645384025754054_8159404484678647808_n.jpg,['person']
17882496_172091443313163_6137440160687587328_n.jpg,['person']
19367236_1867476566912034_1592455289309757440_n.jpg,['person']
42748835_320593932072824_8072227339215636672_n.jpg,"['person', 'chair']"
51717385_763247247377515_4256838232778669031_n.jpg,['person']
39082076_487352251738459_209654151334854656_n.jpg,['cake']
11925881_923020421099255_44356726_n.jpg,['person']
37601539_2076051799389736_1371627926583246848_n.jpg,['person']
11296629_834147463288911_868412535_n.jpg,"['person', 'umbrella']"
31975860_2025226731067803_6040257574903742464_n.jpg,['person']
47296762_302735837030160_5764503546973269904_n.jpg,"['person', 'person', 'person', 'person', 'person']"
10983680_785667078153931_1070746851_n.jpg,[]
11192582_754750901311077_258160968_n.jpg,['person']
11327047_1852588884965569_863214841_n.jpg,"['person', 'backpack']"
11856605_858768954176669_84163680_n.jpg,"['person', 'cell phone']"
11093141_385899804931983_283116655_n.jpg,['car']
1742199_927476467286740_1466663088_n.jpg,['person']
25023202_144807579442789_6795122983691091968_n.jpg,['person']
11950524_421861261347298_418554372_n.jpg,[]
11272986_450411555126391_1877737874_n.jpg,['person']
11005171_388374558002920_682595993_n.jpg,"['couch', 'chair']"
11271941_1423706121283692_112408692_n.jpg,['person']
1597437_206726292859262_747877278_n.jpg,[]
10424472_772825426091235_1362858512_n.jpg,['boat']
27578569_1769199363388469_8264414961892065280_n.jpg,['person']
11201753_1464295487195491_160635000_n.jpg,"['cup', 'book']"
1389264_512747825479191_2107518200_n.jpg,"['person', 'person']"
51405677_241008570184059_4040248682065174999_n.jpg,['person']
31702781_132997134228235_3684616352628211712_n.jpg,"['person', 'bed']"
11311993_1441513502820674_2143655946_n.jpg,[]
11379885_901503653244544_380035461_n.jpg,['person']
11189823_809668649087429_865691019_n.jpg,"['person', 'person', 'person', 'person', 'person']"
10507913_492177360915378_1975852470_n.jpg,"['cup', 'dining table', 'spoon', 'fork', 'cup', 'spoon', 'knife', 'fork']"
11176286_1560740474191278_929050000_n.jpg,"['person', 'bicycle', 'backpack', 'person']"
12479173_103607956689788_1703596645_n.jpg,"['person', 'handbag']"
11257129_861246663948232_1823030523_n.jpg,[]
12237123_499317443578813_1303069200_n.jpg,[]
925447_1461958194035483_383576324_n.jpg,"['bowl', 'bowl', 'bowl', 'bowl']"
51045157_2292762730774313_332680276383482140_n.jpg,['person']
10895160_1547659352183478_651823240_n.jpg,['person']
11123750_460993327385771_711397626_n.jpg,[]
1388862_450317871756090_1447132091_n.jpg,"['person', 'person']"
28153569_2002926579956084_5024492006898925568_n.jpg,['person']
1517245_193511457516457_2141576044_n.jpg,['cup']
10903738_586489471481348_701160353_n.jpg,"['cup', 'bowl', 'cup']"
11257804_792988950797726_285039957_n.jpg,['person']
38831045_271972543404230_4419638780579807232_n.jpg,"['person', 'person']"
35616558_1381087618658379_3238258668050841600_n.jpg,"['chair', 'person', 'potted plant', 'chair', 'chair']"
19624889_596859504035312_6624757264739729408_n.jpg,['person']
10561139_1087143131318606_174406069_n.jpg,['person']
12276730_182643635417249_592460838_n.jpg,"['person', 'person']"
11098739_1421638834811409_1766098251_n.jpg,['boat']
11241717_828070977229553_1896613877_n.jpg,"['person', 'tie']"
52097313_298400434170775_6169665244542032990_n.jpg,['person']
925775_213881288812583_1258484545_n.jpg,['person']
49985313_392223768013562_3353461102701435109_n.jpg,"['car', 'car', 'car']"
11296810_858959780863795_1650996018_n.jpg,"['person', 'bottle', 'bottle', 'bottle', 'bottle', 'bottle']"
10693298_767759009950485_1294003490_n.jpg,['person']
11208605_1846698222221179_1990433916_n.jpg,"['person', 'person']"
55776550_169361763988902_2702176039080169972_n.jpg,['person']
13256873_494021967455005_2070056012_n.jpg,['person']
11379328_994748787232695_508421021_n.jpg,[]
14719731_360930937588671_5724030505972662272_n.jpg,"['person', 'person', 'handbag']"
12912398_189083981484099_1446864195_n.jpg,['person']
19955113_335740503529464_4562773745449566208_n.jpg,['person']
12144044_446670248850190_1029933436_n.jpg,[]
38989744_1072225036276742_5953639985897799680_n.jpg,"['person', 'person']"
11008080_603855373081979_475724694_n.jpg,[]
53800834_3146961252037331_3953023831007146297_n.jpg,"['person', 'chair', 'chair']"
18300275_321548278264404_3813308927324454912_n.jpg,['dining table']
12976182_1025696900816681_14206744_n.jpg,"['person', 'bench']"
918135_800946846597577_269746291_n.jpg,"['person', 'person']"
27894133_153906615314454_354599642488373248_n.jpg,"['person', 'handbag']"
10654998_1463927493885297_1754652915_n.jpg,['person']
10832250_453236364830747_1738020301_n.jpg,[]
11334595_1628101270801928_885696808_n.jpg,"['person', 'person', 'handbag', 'handbag']"
11190928_918529471532673_1993129764_n.jpg,"['person', 'person']"
50047062_1232062290282137_5690483534576559562_n.jpg,['person']
1971510_512805975507830_1732893172_n.jpg,['clock']
13649300_1655239131462869_1335919274_n.jpg,['bottle']
1661213_242537449259773_2018536387_n.jpg,['person']
11176151_986554258023317_231147204_n.jpg,['clock']
13328991_1597670220524877_1953144350_n.jpg,[]
1527716_242352979273764_1411612136_n.jpg,['person']
11324480_883363605063195_1591508845_n.jpg,[]
918168_311375679014848_1032023433_n.jpg,"['person', 'person', 'person', 'person', 'person']"
36955956_1295137453950260_5906984503485661184_n.jpg,['person']
37350145_226188918023663_5661430107797979136_n.jpg,"['person', 'book', 'person']"
13261069_238845659809513_1698132775_n.jpg,"['umbrella', 'person', 'bed']"
11189515_768366319946626_1863398938_n.jpg,['person']
10881843_408561972652534_1609687841_n.jpg,"['person', 'person', 'car', 'umbrella', 'umbrella', 'car', 'car']"
56923068_1294419670714671_6438082560647387399_n.jpg,"['car', 'person']"
1168536_203014413217473_784867329_n.jpg,['person']
18809376_1864479730542180_2190140786442502144_n.jpg,['person']
1597797_1396147853974555_1389403525_n.jpg,['person']
11032838_1558074327782630_1932392464_n.jpg,[]
10549772_257595224433265_1929485937_n.jpg,['person']
11350888_1435909243384489_1265069024_n.jpg,"['bus', 'car']"
10483605_1470117303233888_1499449768_n.jpg,['person']
36520339_480914592357975_5833601993641295872_n.jpg,['person']
11372086_848380105255783_1431647356_n.jpg,"['cup', 'book']"
23967687_132037034170691_6877315875913859072_n.jpg,['person']
14566588_231263497315356_2991712362551050240_n.jpg,"['person', 'person', 'person']"
12912330_1663634883888140_1652770213_n.jpg,['chair']
50047046_756062688100476_8435742620986387308_n.jpg,['person']
26065929_354603105005530_3282564790467166208_n.jpg,"['person', 'person', 'person', 'person', 'teddy bear', 'person', 'vase', 'person', 'teddy bear']"
16230355_135357146979413_1212245495569711104_n.jpg,['person']
10946519_1412459489055148_1215048893_n.jpg,"['cup', 'cup', 'dining table', 'bowl', 'bowl', 'cup']"
11259098_1613240115584867_880244823_n.jpg,"['person', 'person', 'person', 'person', 'person']"
11325748_829951547088092_1098467503_n.jpg,['person']
13355399_473643669492998_1344598106_n.jpg,['bed']
13267499_1792584494310818_936597726_n.jpg,['person']
34729997_2150090521887575_5419050242697854976_n.jpg,"['person', 'handbag']"
11283276_1380407858933022_59804482_n.jpg,[]
11186992_477838939029936_1601290030_n.jpg,"['person', 'wine glass', 'cup', 'cup']"
21224167_354144895005492_7532628770323169280_n.jpg,['person']
30079429_795529057311472_5123873371125186560_n.jpg,"['person', 'person', 'person', 'person', 'bottle', 'cup']"
15275555_229370817468566_1465656516018176000_n.jpg,['person']
36525049_254000775407065_1538985235692126208_n.jpg,['person']
11335494_974146609284591_58017295_n.jpg,[]
10471810_701150986622935_290884766_n.jpg,['person']
10533418_569021563230909_408599881_n.jpg,"['person', 'person']"
15876721_1778736529118852_7941060540762161152_n.jpg,['person']
53659146_2090542951000402_578658074288739160_n.jpg,"['bus', 'truck', 'person', 'person']"
39605492_2174153839466975_7477643173070635008_n.jpg,"['person', 'person']"
30829642_378166102685087_8678774027717705728_n.jpg,"['car', 'person']"
12724927_2005112063047187_391598942_n.jpg,['person']
42128589_1957959374317878_1551454356743492344_n.jpg,"['person', 'suitcase', 'couch', 'potted plant', 'suitcase']"
11373681_367229173476640_1212676570_n.jpg,[]
11208022_102458996754584_519047804_n.jpg,[]
10549683_892564684091558_1330136832_n.jpg,['person']
13713958_167527046993381_1582944540_n.jpg,"['person', 'bench', 'handbag']"
12362069_1696882287197121_1243997743_n.jpg,"['truck', 'person']"
24332370_248528189014269_7300856632630575104_n.jpg,['person']
29418325_2034344446594025_624265052567896064_n.jpg,"['person', 'person']"
11055971_318299495023019_2147337664_n.jpg,"['person', 'person', 'person', 'person', 'person', 'person', 'person', 'person', 'person', 'person']"
14288079_1558669990829243_1453076713_n.jpg,"['potted plant', 'person', 'chair']"
11313296_566316466839850_1618764040_n.jpg,['person']
11352395_901695783209488_1093926684_n.jpg,"['person', 'person', 'person', 'person', 'person', 'person', 'person', 'tie']"
19955739_1917227485217045_7253376568037212160_n.jpg,['person']
10948797_1604828236405175_1712573807_n.jpg,['train']
14709616_301767793542802_1492609686363439104_n.jpg,['bowl']
11334590_110444055957240_718563659_n.jpg,['person']
20986693_122034485113823_3335496422689603584_n.jpg,"['person', 'person', 'person', 'chair', 'chair', 'chair', 'chair']"
50084552_279500419410290_357669976661129366_n.jpg,['person']
11055894_1423028024664681_474284740_n.jpg,['person']
18444305_1690238721273162_6141903417687146496_n.jpg,"['person', 'person']"
36974218_851065431758042_6943323905436155904_n.jpg,"['person', 'bed', 'vase']"
17662353_1320175821404505_477121624785551360_n.jpg,[]
10985995_953630888028492_2050945833_n.jpg,['bed']
14128652_130914910694184_327289337_n.jpg,['person']
11272956_669165516560733_113856816_n.jpg,"['cup', 'bowl', 'bowl', 'banana', 'bottle', 'cup', 'spoon', 'knife']"
28753144_179830955986789_1447994317711867904_n.jpg,"['person', 'wine glass']"
20688593_1052992724804290_4441311924289798144_n.jpg,['person']
35119684_1993781177604052_5939929221928321024_n.jpg,"['person', 'book', 'bottle']"
34733933_199777827333211_2864354766769618944_n.jpg,['person']
47693832_1162282107278986_619497374208792633_n.jpg,['person']
11378651_960128904039808_315818784_n.jpg,"['person', 'person', 'cell phone']"
21041686_1929011984008002_4310853911876468736_n.jpg,"['person', 'person']"
18879616_751370935022877_8106525495870357504_n.jpg,['person']
928210_462665927200363_1269945558_n.jpg,['person']
11245842_1418074378513909_183621253_n.jpg,"['person', 'book', 'book', 'book', 'book', 'book']"
13259467_877464265716319_997775430_n.jpg,"['person', 'person', 'person']"
13277554_544393189076359_956827229_n.jpg,"['person', 'car', 'car', 'cell phone', 'car']"
22071436_128647937858291_1389288948068515840_n.jpg,"['person', 'person', 'person', 'person', 'cell phone']"
46583799_352804648602234_6595889383225365708_n.jpg,"['person', 'person']"
11024379_328482144028681_361484115_n.jpg,[]
10245911_256123541241363_881413977_n.jpg,"['train', 'truck', 'person']"
26157284_1984953071765695_6671088563020365824_n.jpg,"['person', 'person', 'person', 'person', 'person', 'teddy bear']"
10375798_783182251720384_93698431_n.jpg,"['person', 'person', 'backpack', 'backpack']"
12519497_1678411852400047_194526461_n.jpg,['person']
27879142_151956932188509_7703612857190973440_n.jpg,"['person', 'person']"
51168466_359572928020448_2437528667145913500_n.jpg,"['person', 'handbag']"
12917943_1556479784651067_1551417014_n.jpg,['person']
11333747_403348643185527_1197821569_n.jpg,[]
13320160_289144551423784_1389265793_n.jpg,['bowl']
12501911_1086487928057619_1605144161_n.jpg,"['potted plant', 'dining table', 'chair', 'chair', 'vase', 'chair', 'chair']"
10349652_338305876322747_1719919039_n.jpg,"['person', 'chair', 'chair']"
10349763_747603181926624_579255035_n.jpg,['person']
11356888_1471104939867506_1689923201_n.jpg,['person']
10995060_642582149203491_534068339_n.jpg,[]
30830229_2149296028418861_5860248572041101312_n.jpg,['person']
11326225_1436924846613734_776289843_n.jpg,['person']
53270940_129048451495949_288294490845594498_n.jpg,['person']
29740093_442921522812423_1728037927851655168_n.jpg,['person']
42002918_501116203698757_2451856742482953867_n.jpg,"['person', 'person']"
10748383_1585881598302353_696472119_n.jpg,[]
916329_477257432388784_1800522981_n.jpg,"['person', 'person']"
13183351_1715288092067482_933826527_n.jpg,"['bowl', 'bowl', 'cup', 'bowl', 'bowl', 'bowl', 'bowl', 'cup', 'bowl']"
11208493_672854136170688_1016989873_n.jpg,['person']
10643834_858243924248275_921856899_n.jpg,"['person', 'person', 'person', 'person']"
30605299_1136432569830093_5543861159095959552_n.jpg,['person']
23596417_127692451255679_6733087055888252928_n.jpg,"['person', 'tv']"
18512684_264854863922931_3725274067830308864_n.jpg,['person']
18013701_830369653803903_8362863777049214976_n.jpg,"['person', 'person']"
12256613_420425164818062_1894580521_n.jpg,"['person', 'person', 'person', 'person', 'person', 'person']"
50337498_994650360740364_8534345180830363463_n.jpg,['person']
11247850_634328766698082_1691528544_n.jpg,"['bench', 'person']"
22710480_2033818693529920_5778797283231399936_n.jpg,['person']
50491551_365589770697407_6634568182186735780_n.jpg,"['person', 'potted plant']"
20225215_467718960258704_7955724808946188288_n.jpg,['person']
11142730_425111794316121_378045575_n.jpg,"['person', 'bench']"
11375902_938671166199745_458980595_n.jpg,['person']
11910439_1503028343345032_1050804395_n.jpg,"['person', 'person', 'person', 'chair', 'bench', 'bench', 'person']"
926507_528950117234016_1017709339_n.jpg,"['person', 'person', 'person', 'person', 'person', 'person', 'person']"
52442022_452026545337216_5521586784197204350_n.jpg,"['person', 'backpack']"
11271276_1627467687497221_1016365888_n.jpg,"['potted plant', 'person', 'person', 'potted plant', 'person', 'chair', 'chair', 'cup']"
925354_372248936262759_753002282_n.jpg,['person']
11272366_1481694002122634_613559461_n.jpg,[]
11201536_1628709360682540_1956063825_n.jpg,[]
10731730_379213015571769_1864976839_n.jpg,['person']
17076964_1830410657213929_1338185769323331584_n.jpg,['person']
39116375_1791133720940918_5823899688289435648_n.jpg,"['person', 'person']"
11311557_1578263005780293_1475077113_n.jpg,['person']
15538904_1797362203921420_4409056251745402880_n.jpg,['cup']
11335614_770843956363653_244329092_n.jpg,['cup']
11263604_816921508362575_539690989_n.jpg,"['bowl', 'bowl', 'bowl', 'bowl', 'bowl', 'bowl', 'bowl', 'bowl', 'bowl', 'bowl', 'bowl']"
25035842_198462940714512_7577326894404599808_n.jpg,['person']
11312467_303929276397748_2064070736_n.jpg,"['person', 'person']"
12393794_210824599250849_1121820761_n.jpg,[]
17818599_292224511216130_8346189562954907648_n.jpg,"['bowl', 'cell phone', 'cup']"
17882643_1650152835002344_1021565878388391936_n.jpg,['person']
11199615_1600524220204733_1228583284_n.jpg,['person']
14474059_1090056251047570_4914750687633473536_n.jpg,['person']
11355077_765645836883069_626092177_n.jpg,[]
11325910_847582768667237_841848959_n.jpg,['person']
11084636_445273002295367_1060544385_n.jpg,['person']
11176523_1633924733493165_1633973082_n.jpg,[]
914226_1390890214486058_356778585_n.jpg,['person']
10932057_933197103366974_189314061_n.jpg,['person']
11208367_1430867323881848_2036577141_n.jpg,[]
20583140_260530161108496_5522300238586445824_n.jpg,[]
11023283_435989643244616_255314331_n.jpg,"['person', 'person']"
11373891_1595631877380388_1347134916_n.jpg,['person']
23507881_160500284552857_8121824212328382464_n.jpg,['person']
42138639_356388971574613_1225596872324353671_n.jpg,[]
41882031_714516392243551_7186514516103099035_n.jpg,"['person', 'potted plant', 'handbag']"
11208441_794716263951281_1301395030_n.jpg,[]
14624773_354181218251182_8552174682642579456_n.jpg,[]
14482692_535156660014799_5728289107780567040_n.jpg,[]
21569029_171593396733093_1109329124150738944_n.jpg,"['sink', 'bottle', 'bottle', 'bowl']"
1169847_556421154423043_1450872176_n.jpg,"['person', 'person', 'person', 'person', 'person']"
30078620_1645483842155739_60962525281255424_n.jpg,"['person', 'person', 'person', 'person', 'person', 'person', 'person', 'person', 'person']"
11098266_843548769027098_2140053411_n.jpg,[]
924230_1450114165212238_1548345917_n.jpg,[]
11187006_1605936039619337_988186190_n.jpg,[]
1742336_1402961853295000_1116498211_n.jpg,['cup']
11382940_1604796249792890_254969650_n.jpg,"['person', 'book']"
11351678_384871575029643_1345107797_n.jpg,"['person', 'person']"
54512508_697126687352202_3422361105333043800_n.jpg,['person']
11240417_1618884058354515_803828981_n.jpg,['person']
11208064_1574624362818898_246955425_n.jpg,['person']
32063854_2132819813665497_8057918732506234880_n.jpg,"['person', 'bottle', 'bottle']"
11187064_1589153338021863_1371648683_n.jpg,[]
11201519_975101755844644_1342875335_n.jpg,"['person', 'potted plant']"
11282004_639050506196793_1846342471_n.jpg,"['bed', 'person']"
25021551_1790898694537312_2092784314612711424_n.jpg,[]
12716943_233689660298175_192874277_n.jpg,[]
43031549_371339526940178_1240825273315896464_n.jpg,"['person', 'person', 'person']"
14276419_522782157920551_1093197944_n.jpg,"['person', 'car', 'car', 'car', 'car', 'car', 'car', 'car', 'car', 'car', 'car', 'car', 'car', 'car', 'car', 'car']"
11192647_1598996760387150_1717005518_n.jpg,"['person', 'person']"
38996672_281653615772237_5112307200290717696_n.jpg,['person']
14448304_305628516473128_9072198344905850880_n.jpg,[]
32903597_184310765621838_5027675191845584896_n.jpg,['person']
29738182_2278841985675769_5221995167472418816_n.jpg,['person']
11324206_785736744876323_1216636346_n.jpg,"['person', 'person', 'person', 'wine glass']"
11327126_1434990826807442_1234910710_n.jpg,"['person', 'person', 'person']"
1742953_621817564533741_1073180893_n.jpg,['person']
13561774_1700471020215502_675336242_n.jpg,['airplane']
21227739_115471475785978_6599306272091144192_n.jpg,['potted plant']
12751362_445178022356421_1756908881_n.jpg,['person']
21042031_112759996072458_4254591476681408512_n.jpg,"['person', 'person']"
11372009_1452673951693795_588168102_n.jpg,['person']
27581336_219584411936825_5003159501340147712_n.jpg,"['person', 'clock', 'clock', 'clock']"
21819540_170732583483896_2402183772817588224_n.jpg,"['bed', 'chair']"
12940059_1791905397694996_449407058_n.jpg,['person']
11333660_888519264542594_159531268_n.jpg,['person']
20347459_1424628830953512_8474603437223313408_n.jpg,"['person', 'suitcase', 'skateboard']"
11352409_922065361147913_1831289222_n.jpg,"['dining table', 'bowl', 'broccoli']"
11256828_896679977058457_1802523509_n.jpg,"['person', 'person']"
11254711_866859693384331_162615446_n.jpg,"['person', 'book']"
11186969_718117511630181_1647171176_n.jpg,[]
10311291_1469058373330741_1745259606_n.jpg,['person']
32589895_355522391640835_3271026854747701248_n.jpg,['person']
11189373_355670691304513_224997674_n.jpg,['person']
19121969_1836585276355401_1054963114585358336_n.jpg,"['person', 'handbag', 'handbag']"
10748232_650921285006792_1461081364_n.jpg,"['person', 'cup']"
11191007_620846191379914_1897693273_n.jpg,[]
36622850_268632307244714_3738386147718463488_n.jpg,[]
11208595_417897775059152_1611409635_n.jpg,['person']
19379837_1872434953017827_4303819932266659840_n.jpg,['bottle']
32102302_240986149813753_1298279660513132544_n.jpg,['person']
16122409_1801149780137216_2716167953992122368_n.jpg,"['person', 'person']"
12965764_223946734645269_1143671963_n.jpg,['person']
17333287_265716803871961_7132105516439830528_n.jpg,['cup']
11378336_1643237782558270_1314914765_n.jpg,"['boat', 'boat']"
1391159_653428308013473_811034650_n.jpg,[]
11256203_1576374515964494_1241642133_n.jpg,['person']
1515177_716719985012538_885387712_n.jpg,['person']
11195587_1546463612259323_871791345_n.jpg,"['person', 'person', 'person', 'person']"
12728711_193604881005389_1595343850_n.jpg,['person']
18722096_133486453877344_5753304745364160512_n.jpg,['person']
12724696_1058769347523853_665508039_n.jpg,"['person', 'person', 'person']"
1173103_1394355407471079_1512357592_n.jpg,['person']
11247850_818145938269532_556597358_n.jpg,['person']
25014786_900592713430123_4078942535639105536_n.jpg,"['person', 'handbag']"
55752855_2625050234232098_843838088398943327_n.jpg,['person']
13269369_1319037461443123_1445569064_n.jpg,"['person', 'person']"
11950640_515442181953175_523739954_n.jpg,['person']
26867085_2048837312043292_8219084193422901248_n.jpg,['person']
12383424_229127860766390_704811322_n.jpg,"['cell phone', 'cell phone']"
57618487_326781107985362_3691757228944019999_n.jpg,"['person', 'handbag', 'person', 'person', 'person']"
20180627_1935144570094696_4655694009983827968_n.jpg,"['surfboard', 'person']"
33793300_414915602315834_5196582992738254848_n.jpg,"['person', 'person', 'person']"
927491_187299088128796_1359197879_n.jpg,"['person', 'person']"
11374603_912499835484188_1286945798_n.jpg,"['person', 'person', 'person']"
28436116_153209765367948_3134001120079249408_n.jpg,[]
20766918_456517294747050_3501467977780297728_n.jpg,['person']
12276920_523110181185217_1995235895_n.jpg,"['person', 'chair', 'chair']"
12599057_1689649984639989_1485990167_n.jpg,['person']
23421559_759053494281797_4338511731736182784_n.jpg,"['cup', 'bowl', 'person', 'spoon', 'cup', 'spoon']"
14714397_357950371218187_1754284047795748864_n.jpg,['person']
10950499_673690646075653_868302534_n.jpg,"['person', 'cell phone']"
1389902_817984161625996_1809642230_n.jpg,[]
18512970_1904496309823332_3544605332221198336_n.jpg,"['laptop', 'dining table', 'cup']"
25012816_155938985035437_102295336327839744_n.jpg,['person']
1663212_656679434367427_503122769_n.jpg,['person']
11176467_834227370002126_314276819_n.jpg,['person']
57822037_2217381595036001_520414170701674697_n.jpg,['person']
31365121_2060978770809167_5710697750664839168_n.jpg,['person']
11190704_718316164944694_2105568128_n.jpg,['person']
1389404_227622617409406_992513926_n.jpg,[]
11374790_393310314188705_1158213124_n.jpg,"['person', 'person', 'remote']"
10011367_804540599575123_769458561_n.jpg,['person']
13285480_960667790718784_1482415322_n.jpg,"['person', 'person']"
22070763_829313360569729_5749431896043945984_n.jpg,"['person', 'person', 'person', 'person', 'person', 'person', 'person', 'person', 'person', 'person']"
924315_619790651439870_1800719233_n.jpg,"['person', 'bed']"
14547604_1835734356645658_2008165775185018880_n.jpg,"['person', 'book', 'book', 'book', 'book', 'book', 'book', 'book', 'book']"
11330757_1708581839369406_1386196815_n.jpg,"['person', 'wine glass', 'wine glass']"
40175999_2159159601036735_6724701054933401600_n.jpg,"['person', 'car', 'clock', 'traffic light', 'person', 'person', 'car', 'person', 'person', 'person', 'person', 'person', 'car', 'person']"
16464743_1236915413059046_5379906254359494656_n.jpg,"['person', 'car']"
11176487_1440500406249139_1331296412_n.jpg,[]
17933822_637826803078673_8560132552667430912_n.jpg,['potted plant']
11084982_384739128376570_2048904125_n.jpg,['person']
22500575_275866999586048_4037881072036347904_n.jpg,"['person', 'person', 'couch', 'person', 'bottle', 'wine glass', 'wine glass', 'person', 'bottle']"
11352401_1632658593624556_1286355049_n.jpg,[]
12558660_451690225030613_401104763_n.jpg,['person']
928644_259683184228228_1155559957_n.jpg,['person']
46626217_209747036614258_24538493608721110_n.jpg,['person']
11142379_823914911028154_816138370_n.jpg,[]
11325940_1432257257095125_383891860_n.jpg,['person']
11809546_459683714204524_1176130597_n.jpg,"['chair', 'chair', 'chair', 'chair', 'chair', 'chair', 'chair', 'chair']"
29090658_156235621731383_1893304318031822848_n.jpg,['person']
11355230_1407614192897995_2034446399_n.jpg,[]
11240339_830388647009561_376919620_n.jpg,"['person', 'person']"
929008_250055601817493_454322224_n.jpg,['person']
11252282_975686402452120_63546851_n.jpg,['person']
1517171_711359228936115_1990297415_n.jpg,"['person', 'truck', 'car', 'car', 'car', 'car', 'car']"
11374778_1449397255376680_73937031_n.jpg,['person']
10513782_659375834132251_2117378512_n.jpg,['person']
35483192_466602717122976_4615846128045260800_n.jpg,"['person', 'person']"
11355960_670779683054152_899166075_n.jpg,['person']
15337053_257846601299752_4709003672342757376_n.jpg,['person']
11236346_1590109711274616_347940141_n.jpg,[]
12407292_1529244207403756_329916018_n.jpg,"['spoon', 'bowl', 'dining table', 'bowl', 'cup', 'cup']"
11372527_365350583663887_1664474352_n.jpg,"['person', 'handbag']"
56301935_1047236362144030_5496515970610542586_n.jpg,"['person', 'handbag']"
53002304_302820713745040_8914217300175210287_n.jpg,['person']
10735518_817023398341421_472394318_n.jpg,[]
30829361_1232762480193945_4980509913995280384_n.jpg,"['person', 'couch']"
31520062_185159278977712_7051471023035645952_n.jpg,"['person', 'person']"
11055824_1398983117087465_1358114867_n.jpg,['person']
43315767_1359471880852863_8025780584382973461_n.jpg,['person']
1169796_265189306972200_336037538_n.jpg,['person']
58410123_2687317124643782_8785002696145958906_n.jpg,"['person', 'person']"
10643831_298041120388652_737846400_n.jpg,"['person', 'person', 'person']"
11419054_1604114193196224_394601922_n.jpg,['person']
11374038_431671833681858_1894474776_n.jpg,"['person', 'person']"
11245014_825765824176255_2023443837_n.jpg,['person']
10832010_416464025174386_1380223335_n.jpg,"['person', 'person', 'person', 'person', 'person']"
13658695_675228665964984_445308078_n.jpg,"['person', 'person', 'person']"
11326722_1460271664266098_586310953_n.jpg,"['bed', 'cat']"
11324363_897950213581766_1587434745_n.jpg,['person']
23735164_919642124851037_1223106454249013248_n.jpg,[]
11378336_604048203065274_1693088499_n.jpg,"['person', 'person', 'person', 'person', 'person', 'person', 'person', 'person', 'person', 'person', 'person', 'person', 'person', 'person', 'person']"
13285324_1759650554256721_1424811307_n.jpg,['person']
35278152_221272798482432_7324258401892958208_n.jpg,['person']
40094439_234822687191854_4460563585097854006_n.jpg,"['chair', 'person', 'bench', 'dining table', 'bowl']"
12599075_979814415426443_139530180_n.jpg,['person']
36683957_650686728619094_4617837201869242368_n.jpg,['person']
11377564_1637752869779593_584773458_n.jpg,['person']
10249160_664251026979914_1882595486_n.jpg,['person']
10472038_1424016907878301_1249715390_n.jpg,"['bed', 'person']"
12530993_965212150192502_725947404_n.jpg,"['potted plant', 'couch', 'potted plant', 'person', 'vase', 'vase']"
13181406_524825621059573_1995670533_n.jpg,['person']
10986364_1602281149983994_515546714_n.jpg,"['dining table', 'bowl', 'clock']"
13651983_991649807618192_1072185162_n.jpg,"['person', 'couch']"
21819993_117549335588409_2071415701263876096_n.jpg,[]
53600445_2112273485554807_4791689954651728654_n.jpg,['person']
923582_1439133123001398_184996339_n.jpg,['person']
12912739_1680571582193611_2030398574_n.jpg,['person']
26383145_144260139577325_8995024620184666112_n.jpg,['person']
11254078_460236114142536_1596381976_n.jpg,['person']
11809969_507446506085503_1519012875_n.jpg,"['person', 'bench', 'person', 'person', 'cell phone', 'bench', 'person']"
10454082_491197517679291_889969236_n.jpg,[]
10954861_444472292370234_2031550353_n.jpg,"['person', 'handbag', 'handbag']"
12965818_1758201301081846_991200495_n.jpg,"['chair', 'bottle']"
15625206_342394239474993_187032751860350976_n.jpg,"['person', 'chair', 'dining table', 'chair', 'chair', 'fork', 'fork', 'chair']"
14280524_976301462492878_476853159_n.jpg,['person']
17438551_266989080417572_4009907735289135104_n.jpg,"['cup', 'dining table', 'spoon']"
1516690_358023744335019_1873783126_n.jpg,[]
10598176_716567988391563_651378866_n.jpg,['person']
18013551_1664225040552329_2930888019252609024_n.jpg,['person']
17883230_322767731472819_5389034009051267072_n.jpg,['person']
39097376_1807340845968230_1052257130570055680_n.jpg,[]
11352277_766946636755063_929239460_n.jpg,"['person', 'person']"
13391110_1610247042637053_2084996192_n.jpg,"['person', 'person']"
11378742_1590456427874792_1626468238_n.jpg,"['handbag', 'person', 'person', 'handbag']"
11374478_1690432384522245_1532005348_n.jpg,['person']
26871503_923460014470318_759321574795902976_n.jpg,"['person', 'person']"
23416679_127859307903308_2319577730510749696_n.jpg,"['person', 'person', 'person', 'person', 'person', 'person', 'person', 'person', 'person', 'person', 'person', 'person', 'person']"
31483153_2068968030094809_77584624242393088_n.jpg,['person']
11378371_546691535469050_1660288531_n.jpg,"['person', 'person', 'person']"
10986203_348921615309781_1085641431_n.jpg,['person']
18950086_1388339557901205_6815923948392284160_n.jpg,"['person', 'person', 'person', 'person']"
11311570_472858442890461_1877415728_n.jpg,"['person', 'person']"
13549517_290023671343998_236323379_n.jpg,['cup']
11374628_383861191797864_839444737_n.jpg,"['person', 'handbag']"
34565795_291516441390681_595593856649527296_n.jpg,['person']
10802730_730992363653508_1368692262_n.jpg,['person']
1171175_1397302233845457_445615508_n.jpg,"['person', 'potted plant', 'bottle']"
12106074_1485512821752162_2049579633_n.jpg,"['person', 'person']"
914271_239926252848008_250166611_n.jpg,[]
11350737_828702700530790_1976337534_n.jpg,['person']
10251433_1481044715440917_1735884587_n.jpg,"['person', 'person']"
54513203_2683167691699937_6442749923738558532_n.jpg,"['person', 'car']"
11123817_1583074211909596_1792898085_n.jpg,['bottle']
13694866_126736721095816_148627888_n.jpg,['person']
11378301_1640071792878481_431255068_n.jpg,"['cat', 'cat', 'cup', 'cup']"
1515201_682188871820709_2117129635_n.jpg,['person']
11191218_1131172603575538_627965053_n.jpg,['person']
15251656_1878032875763785_3820382012611493888_n.jpg,[]
15099598_1862950697270159_5804882440686141440_n.jpg,"['person', 'person']"
56977110_1037350036462980_4635468188186691723_n.jpg,"['person', 'person', 'person', 'person', 'person']"
11191565_377948729074029_1541419444_n.jpg,"['person', 'person']"
12142643_1602917559947841_1631163562_n.jpg,['person']
11232512_1441970539438707_952559490_n.jpg,"['person', 'handbag']"
10401599_237854643076414_1323816803_n.jpg,['person']
11201703_849058818500052_2103461274_n.jpg,"['person', 'person', 'handbag', 'person', 'person', 'cup']"
14719614_692464694241877_5546343521344028672_n.jpg,['person']
10848080_1529246614028521_1437480112_n.jpg,['dog']
11327033_1412329682427482_1797524557_n.jpg,['person']
11230578_364922770379887_426228089_n.jpg,['person']
11247117_953657014654962_1418624495_n.jpg,['vase']
11358112_416597771878125_1948254582_n.jpg,[]
11007955_1645212059041727_579693998_n.jpg,['person']
12070971_1472526796390055_1428661202_n.jpg,"['person', 'bench']"
11325402_1603334619908793_1189816239_n.jpg,['person']
10554092_781176008607826_1855864550_n.jpg,"['person', 'person', 'person']"
39316544_1325438897592922_6619586098345541632_n.jpg,['person']
11849989_865990333492452_1499107172_n.jpg,['person']
11427312_608405615929474_501639448_n.jpg,"['person', 'person', 'person', 'person', 'person']"
11084872_963872230314031_643202012_n.jpg,['person']
1391386_546197475449555_553758164_n.jpg,"['person', 'person']"
10731703_524517611026098_728617915_n.jpg,[]
44864152_384765282262581_2738536536194468377_n.jpg,['person']
14351015_1189814217728189_66320417_n.jpg,"['bench', 'person']"
54510953_279798862914197_6577297607972186121_n.jpg,['person']
21041867_263237477522819_437070380440485888_n.jpg,"['person', 'person', 'person', 'chair', 'chair', 'chair', 'chair', 'chair', 'chair', 'chair']"
1389220_654909017864136_1283206670_n.jpg,"['person', 'couch', 'laptop', 'person', 'person', 'cup']"
42515503_259393921292372_6563379513583009928_n.jpg,['person']
11246397_382909621906781_538423000_n.jpg,"['person', 'chair']"
11378682_1618633688405894_1746742196_n.jpg,"['chair', 'chair', 'book', 'book']"
11374725_673689742736773_409950252_n.jpg,[]
11265369_1586864898268940_1549795414_n.jpg,[]
11176162_467690613400025_1192413245_n.jpg,"['person', 'person', 'person', 'person', 'person', 'person']"
1209738_544592168960665_1800778890_n.jpg,"['person', 'couch', 'cat']"
22581939_1661664850574251_6607857732366106624_n.jpg,['person']
18299216_297335110719633_9018084767748325376_n.jpg,"['person', 'person']"
10254217_1553677198186142_1475163507_n.jpg,"['person', 'person']"
10852640_1576138995948800_1263154748_n.jpg,['person']
18581375_1012745735495488_1531076023351771136_n.jpg,['person']
12142385_195281867476493_719027334_n.jpg,['person']
47142060_328961427928134_9036500535274658923_n.jpg,['person']
10818129_940752185952756_1078838812_n.jpg,"['person', 'fire hydrant']"
13355620_1005479782899047_142309291_n.jpg,[]
56862463_578872855934589_9192141833958509554_n.jpg,['person']
35574437_2164570196891274_5687965656998215680_n.jpg,['person']
11417498_590112067797831_1600245876_n.jpg,[]
10632535_822277577795354_982615989_n.jpg,['cake']
29740785_179463172700859_7759958722125758464_n.jpg,"['person', 'handbag']"
14718482_1800393830238290_2513227502260846592_n.jpg,['person']
17437698_1826941297571232_1221421087607226368_n.jpg,"['person', 'person']"
11193127_946200272065799_1104435376_n.jpg,['person']
10661218_700857330005113_1279703663_n.jpg,['person']
56454807_2198150223577465_3693204471740801424_n.jpg,['person']
11190329_1601989493416027_549266391_n.jpg,['person']
29714515_159738578057434_3357459343548088320_n.jpg,"['person', 'person']"
17267631_665796483621101_3906417131037655040_n.jpg,"['person', 'person', 'person', 'person', 'person', 'person', 'person', 'person', 'person', 'person']"
12825986_595703743917605_510294440_n.jpg,['person']
11205649_949318375089605_1092885277_n.jpg,[]
44276099_333941117390858_8893244683773162131_n.jpg,"['person', 'person']"
11378651_754776621312520_197421533_n.jpg,"['bus', 'person', 'bus', 'train']"
13129371_1179658828731217_1848096402_n.jpg,"['person', 'handbag']"
12724823_1095741557113152_1319453482_n.jpg,"['car', 'car', 'car', 'car']"
10666058_1682137865343755_1985323797_n.jpg,['person']
17439165_433806456961689_4191727522133573632_n.jpg,[]
21107906_1931454370453494_7929095135537659904_n.jpg,"['person', 'person']"
17332889_268138793636178_5888573039544631296_n.jpg,"['fork', 'knife', 'bowl', 'fork', 'bowl', 'bowl', 'knife']"
10349666_398072457001061_597198937_n.jpg,"['person', 'person']"
10755764_360267450798562_319081196_n.jpg,[]
20393936_326205094458476_5905416548364845056_n.jpg,"['umbrella', 'umbrella', 'chair', 'umbrella', 'chair', 'chair']"
11230378_1478250585798490_91918828_n.jpg,"['person', 'person']"
51679233_2494512353909766_4485807394911596854_n.jpg,['person']
13256770_144903042579951_352426819_n.jpg,['person']
11334469_1643493572538509_1438041779_n.jpg,[]
11137865_1543718562515398_225441497_n.jpg,[]
12547498_881890845260975_517450984_n.jpg,['person']
14717660_1203572579731949_495163571215269888_n.jpg,"['potted plant', 'person', 'person', 'cell phone']"
25023016_352652858539804_4015980969369534464_n.jpg,"['chair', 'person', 'couch']"
11325100_856022621138621_1190514589_n.jpg,['person']
15337248_1617031028604791_3779581846229090304_n.jpg,[]
28751574_895715053931760_7543242815627591680_n.jpg,['person']
12356604_498682103648179_553016100_n.jpg,"['person', 'person', 'person', 'person', 'person', 'person']"
10914123_1587177318183976_1210999358_n.jpg,"['bowl', 'dining table', 'spoon']"
11931156_1469762496664784_644878222_n.jpg,['person']
10543535_306138039547731_185449571_n.jpg,[]
13745247_1776973099212196_1459999140_n.jpg,['person']
